Average,CL Appearances,CLs Processed,Average,CL Appearances,CLs Processed,Average,CL Appearances,CLs Processed,Average,CL Appearances,CLs Processed
2.0,5,358,,0,358,,0,358,,0,358
2.6530612244897958,49,3172,18.5,2,3172,102.0,1,3172,,0,3172
2.5,70,883,18.5,2,883,108.0,1,883,,0,883
2.4864864864864864,74,134,18.5,2,134,111.0,1,134,,0,134
2.5128205128205128,78,120,18.5,2,120,111.0,1,120,,0,120
2.5,86,172,18.5,2,172,116.0,1,172,,0,172
2.5217391304347827,92,119,18.5,2,119,118.0,1,119,,0,119
2.5,100,197,18.5,2,197,122.0,1,197,,0,197
2.4803149606299213,127,273,18.5,2,273,135.0,1,273,,0,273
2.4825174825174825,143,640,18.5,2,640,155.0,1,640,,0,640
2.476510067114094,149,159,16.333333333333332,3,159,159.0,1,159,,0,159
2.4705882352941178,170,249,16.333333333333332,3,249,164.0,1,249,,0,249
2.4832535885167464,209,294,17.0,3,294,170.0,1,294,,0,294
2.5069767441860464,215,143,17.0,3,143,174.0,1,143,,0,143
2.5458715596330275,218,128,17.666666666666668,3,128,176.0,1,128,,0,128
2.5565610859728505,221,140,17.666666666666668,3,140,180.0,1,140,,0,140
2.557017543859649,228,135,18.333333333333332,3,135,181.0,1,135,,0,135
2.560344827586207,232,103,18.333333333333332,3,103,184.0,1,103,,0,103
2.5446808510638297,235,122,17.0,4,122,186.0,1,122,,0,122
2.575,240,127,17.0,4,127,187.0,1,127,,0,127
2.5846774193548385,248,138,17.0,4,138,191.0,1,138,,0,138
2.51864406779661,295,1583,15.857142857142858,7,1583,216.0,1,1583,,0,1583
2.4639769452449567,347,2162,20.0,12,2162,248.0,1,2162,,0,2162
2.3514056224899598,498,4766,21.785714285714285,14,4766,316.0,1,4766,,0,4766
2.3618290258449304,503,158,21.928571428571427,14,158,320.0,1,158,,0,158
2.3536121673003803,526,792,22.285714285714285,14,792,322.0,1,792,,0,792
2.326699834162521,603,864,22.428571428571427,14,864,328.0,1,864,,0,864
2.327272727272727,605,207,22.785714285714285,14,207,338.0,1,207,,0,207
2.328407224958949,609,177,22.928571428571427,14,177,344.0,1,177,,0,177
2.3264,625,200,23.214285714285715,14,200,347.0,1,200,,0,200
2.3234375,640,151,23.357142857142858,14,151,351.0,1,151,,0,151
2.31969696969697,660,180,23.642857142857142,14,180,352.0,1,180,,0,180
2.3227752639517347,663,140,23.785714285714285,14,140,356.0,1,140,,0,140
2.348148148148148,675,199,24.071428571428573,14,199,357.0,1,199,,0,199
2.369661266568483,679,151,24.214285714285715,14,151,361.0,1,151,,0,151
2.373529411764706,680,127,24.5,14,127,363.0,1,127,,0,127
2.3801169590643276,684,169,24.642857142857142,14,169,369.0,1,169,,0,169
2.3994169096209914,686,140,24.928571428571427,14,140,371.0,1,140,,0,140
2.4055232558139537,688,129,25.071428571428573,14,129,374.0,1,129,,0,129
2.42463768115942,690,142,25.357142857142858,14,142,375.0,1,142,,0,142
2.443001443001443,693,162,25.5,14,162,378.0,1,162,,0,162
2.485064011379801,703,221,25.785714285714285,14,221,382.0,1,221,,0,221
2.477272727272727,704,132,24.933333333333334,15,132,386.0,1,132,,0,132
2.482269503546099,705,116,25.2,15,116,387.0,1,116,,0,116
2.4922206506364923,707,139,25.333333333333332,15,139,392.0,1,139,,0,139
2.515492957746479,710,178,25.666666666666668,15,178,392.0,1,178,,0,178
2.5133991537376588,709,137,24.11764705882353,17,137,394.0,1,137,,0,137
2.4858757062146895,708,124,22.35,20,124,395.0,1,124,,0,124
2.5063469675599435,709,134,22.55,20,134,398.0,1,134,,0,134
2.507735583684951,711,122,22.65,20,122,401.0,1,122,,0,122
2.4985955056179776,712,139,22.285714285714285,21,139,402.0,1,139,,0,139
2.525801952580195,717,217,22.523809523809526,21,217,407.0,1,217,,0,217
2.5424200278164117,719,139,22.857142857142858,21,139,409.0,1,139,,0,139
2.5463347164591976,723,132,22.952380952380953,21,132,412.0,1,132,,0,132
2.547586206896552,725,139,23.285714285714285,21,139,413.0,1,139,,0,139
2.5482093663911844,726,124,23.38095238095238,21,124,417.0,1,124,,0,124
2.5535714285714284,728,150,23.714285714285715,21,150,419.0,1,150,,0,150
2.5761316872427984,729,138,23.904761904761905,21,138,422.0,1,138,,0,138
2.5691489361702127,752,367,23.5,22,367,425.0,1,367,,0,367
2.580901856763926,754,143,23.681818181818183,22,143,429.0,1,143,,0,143
2.5963060686015833,758,159,23.863636363636363,22,159,430.0,1,159,,0,159
2.5796344647519582,766,170,23.47826086956522,23,170,435.0,1,170,,0,170
2.6046814044213265,769,183,23.782608695652176,23,183,437.0,1,183,,0,183
2.598179453836151,769,120,23.5,24,120,440.0,1,120,,0,120
2.6194805194805193,770,149,23.708333333333332,24,149,442.0,1,149,,0,149
2.618556701030928,776,172,23.833333333333332,24,172,445.0,1,172,,0,172
2.613607188703466,779,122,23.52,25,122,446.0,1,122,,0,122
2.617157490396927,781,135,23.72,25,135,449.0,1,135,,0,135
2.6017925736235594,781,123,23.074074074074073,27,123,450.0,1,123,,0,123
2.575641025641026,780,154,21.677419354838708,31,154,455.0,1,154,,0,154
2.461038961038961,770,154,18.86046511627907,43,154,456.0,1,154,,0,154
2.460543337645537,773,129,18.953488372093023,43,129,459.0,1,129,,0,129
2.4690721649484537,776,171,18.886363636363637,44,171,460.0,1,171,,0,171
2.3800259403372244,771,136,17.735849056603772,53,136,464.0,1,136,,0,136
2.3821243523316062,772,137,17.88679245283019,53,137,467.0,1,137,,0,137
2.382923673997413,773,139,18.20754716981132,53,139,470.0,1,139,,0,139
2.3797953964194374,782,162,18.60377358490566,53,162,471.0,1,162,,0,162
2.37992376111817,787,218,18.90566037735849,53,218,482.0,1,218,,0,218
2.380352644836272,794,192,18.962264150943398,53,192,482.0,1,192,,0,192
2.3819095477386933,796,152,19.28301886792453,53,152,485.0,1,152,,0,152
2.381727158948686,799,155,19.58490566037736,53,155,488.0,1,155,,0,155
2.380299251870324,802,132,19.69811320754717,53,132,490.0,1,132,,0,132
2.3728179551122195,802,180,19.654545454545456,55,180,492.0,1,180,,0,180
2.373134328358209,804,128,20.036363636363635,55,128,493.0,1,128,,0,128
2.3763975155279504,805,134,20.09090909090909,55,134,498.0,1,134,,0,134
2.3804213135068153,807,154,20.2,55,154,500.0,1,154,,0,154
2.3851851851851853,810,152,20.490909090909092,55,152,503.0,1,152,,0,152
2.3790123456790124,810,146,20.517857142857142,56,146,504.0,1,146,,0,146
2.3793103448275863,812,121,20.607142857142858,56,121,509.0,1,121,,0,121
2.380778588807786,822,479,20.964285714285715,56,479,525.0,1,479,,0,479
2.380894800483676,827,157,21.089285714285715,56,157,528.0,1,157,,0,157
2.3891566265060242,830,137,21.214285714285715,56,137,529.0,1,137,,0,137
2.3971119133574006,831,174,21.535714285714285,56,174,533.0,1,174,,0,174
2.3978365384615383,832,125,21.857142857142858,56,125,534.0,1,125,,0,125
2.4362850971922247,926,6141,21.428571428571427,63,6141,652.0,1,6141,,0,6141
2.4385775862068964,928,141,21.571428571428573,63,141,653.0,1,141,,0,141
2.4391819160387516,929,123,21.666666666666668,63,123,657.0,1,123,,0,123
2.4414607948442537,931,137,21.77777777777778,63,137,658.0,1,137,,0,137
2.441113490364026,934,120,21.88888888888889,63,120,662.0,1,120,,0,120
2.445989304812834,935,139,22.0,63,139,664.0,1,139,,0,139
2.4446808510638296,940,170,22.26984126984127,63,170,668.0,1,170,,0,170
2.4427966101694913,944,142,22.555555555555557,63,142,669.0,1,142,,0,142
2.4625131995776135,947,226,22.857142857142858,63,226,673.0,1,226,,0,226
2.4630801687763713,948,128,21.903225806451612,62,128,388.0,2,128,,0,128
2.465263157894737,950,150,21.951612903225808,62,150,391.0,2,150,,0,150
2.465481171548117,956,156,22.032258064516128,62,156,392.5,2,156,,0,156
2.465553235908142,958,121,22.129032258064516,62,121,394.5,2,121,,0,121
2.464583333333333,960,133,22.370967741935484,62,133,394.5,2,133,,0,133
2.4672216441207078,961,119,22.451612903225808,62,119,396.5,2,119,,0,119
2.488752556237219,978,2818,21.525641025641026,78,2818,425.0,2,2818,,0,2818
2.490816326530612,980,128,21.564102564102566,78,128,427.0,2,128,,0,128
2.4908536585365852,984,132,21.628205128205128,78,132,428.5,2,132,,0,132
2.49746192893401,985,162,21.73076923076923,78,162,430.5,2,162,,0,162
2.5106382978723403,987,261,22.088607594936708,79,261,439.5,2,261,,0,261
2.512613521695257,991,151,22.29113924050633,79,151,441.5,2,151,,0,151
2.5176233635448138,993,151,22.50632911392405,79,151,443.5,2,151,,0,151
2.526633165829146,995,139,22.70886075949367,79,139,445.5,2,139,,0,139
2.531124497991968,996,136,22.79746835443038,79,136,447.0,2,136,,0,136
2.533066132264529,998,139,23.0126582278481,79,139,448.5,2,139,,0,139
2.5365365365365364,999,149,23.189873417721518,79,149,450.5,2,149,,0,149
2.538,1000,150,23.253164556962027,79,150,452.5,2,150,,0,150
2.5358565737051793,1004,130,23.303797468354432,79,130,454.0,2,130,,0,130
2.5383084577114428,1005,156,23.544303797468356,79,156,456.0,2,156,,0,156
2.5337477797513324,1126,3538,23.6375,80,3538,467.5,2,3538,,0,3538
2.5415929203539824,1130,153,23.7125,80,153,470.0,2,153,,0,153
2.5422535211267605,1136,158,23.7875,80,158,471.5,2,158,,0,158
2.5403508771929824,1140,109,23.85,80,109,473.0,2,109,,0,109
2.548865619546248,1146,268,23.9375,80,268,479.0,2,268,,0,268
2.549787234042553,1175,228,24.0,80,228,481.0,2,228,,0,228
2.5508474576271185,1180,152,24.05,80,152,483.5,2,152,,0,152
2.5548060708263067,1186,169,24.0875,80,169,485.5,2,169,,0,169
2.5555555555555554,1188,104,24.125,80,104,487.0,2,104,,0,104
2.561241610738255,1192,142,24.1875,80,142,489.0,2,142,,0,142
2.5605199025182777,1231,402,24.135802469135804,81,402,491.0,2,402,,0,402
2.5655339805825244,1236,142,24.22222222222222,81,142,493.0,2,142,,0,142
2.5653225806451614,1240,131,24.25925925925926,81,131,495.0,2,131,,0,131
2.5615446500402252,1243,124,24.170731707317074,82,124,497.0,2,124,,0,124
2.5707434052757794,1251,153,24.182926829268293,82,153,497.0,2,153,,0,153
2.5709728867623602,1254,105,24.21951219512195,82,105,498.5,2,105,,0,105
2.571996817820207,1257,181,24.28048780487805,82,181,500.5,2,181,,0,181
2.5705229793977815,1262,157,24.341463414634145,82,157,502.5,2,157,,0,157
2.572884012539185,1276,1821,24.53012048192771,83,1821,138.0,1,1821,1057.0,1,1821
2.5697674418604652,1290,214,24.428571428571427,84,214,138.0,1,214,1061.0,1,214
2.3757519666820914,2161,4186,23.837209302325583,86,4186,122.5,2,4186,1136.0,1,4186
2.3781784558483587,2163,155,23.872093023255815,86,155,122.5,2,155,1141.0,1,155
2.379388964888281,2193,785,23.91860465116279,86,785,123.5,2,785,1142.0,1,785
2.3781702898550723,2208,137,23.941860465116278,86,137,123.5,2,137,1147.0,1,137
2.3775971093044266,2214,141,23.976744186046513,86,141,124.5,2,141,1149.0,1,141
2.3826047769265433,2219,137,24.011627906976745,86,137,124.5,2,137,1153.0,1,137
2.385682326621924,2235,191,24.069767441860463,86,191,125.5,2,191,1157.0,1,191
2.3893095768374164,2245,197,24.13953488372093,86,197,125.5,2,197,1161.0,1,197
2.394222222222222,2250,151,24.197674418604652,86,151,126.5,2,151,1163.0,1,151
2.3946784922394677,2255,151,24.232558139534884,86,151,126.5,2,151,1168.0,1,151
2.3961267605633805,2272,233,24.325581395348838,86,233,127.5,2,233,1174.0,1,233
2.396665204036858,2279,144,24.36046511627907,86,144,127.5,2,144,1178.0,1,144
2.3978965819456617,2282,146,24.41860465116279,86,146,128.5,2,146,1181.0,1,146
2.398861646234676,2284,123,24.476744186046513,86,123,128.5,2,123,1185.0,1,123
2.4042832167832167,2288,151,24.511627906976745,86,151,129.5,2,151,1187.0,1,151
2.405936272370144,2291,129,24.558139534883722,86,129,129.5,2,129,1193.0,1,129
2.410200523103749,2294,167,24.61627906976744,86,167,130.5,2,167,1194.0,1,167
2.416267942583732,2299,170,24.674418604651162,86,170,130.5,2,170,1199.0,1,170
2.416232638888889,2304,131,24.72093023255814,86,131,131.5,2,131,1201.0,1,131
2.422626788036411,2307,157,24.77906976744186,86,157,131.5,2,157,1205.0,1,157
2.425292334343872,2309,158,24.802325581395348,86,158,132.5,2,158,1208.0,1,158
2.4313471502590676,2316,223,24.8953488372093,86,223,132.5,2,223,1213.0,1,223
2.4322691975841244,2318,130,24.96511627906977,86,130,133.5,2,130,1216.0,1,130
2.434051724137931,2320,123,24.988372093023255,86,123,133.5,2,123,1217.0,1,123
2.4356435643564356,2323,138,25.023255813953487,86,138,133.5,2,138,1221.0,1,138
2.436989247311828,2325,125,25.08139534883721,86,125,134.5,2,125,1224.0,1,125
2.4385738831615122,2328,159,25.11627906976744,86,159,134.5,2,159,1229.0,1,159
2.443396226415094,2332,152,25.174418604651162,86,152,135.5,2,152,1232.0,1,152
2.44515852613539,2334,134,25.197674418604652,86,134,135.5,2,134,1236.0,1,134
2.4458707744972186,2337,146,25.232558139534884,86,146,136.5,2,146,1238.0,1,146
2.4461538461538463,2340,125,25.290697674418606,86,125,136.5,2,125,1243.0,1,125
2.4507462686567165,2345,173,25.36046511627907,86,173,137.5,2,173,1245.0,1,173
2.456327226246272,2347,144,25.3953488372093,86,144,137.5,2,144,1249.0,1,144
2.463466440101954,2354,209,25.441860465116278,86,209,138.5,2,209,1255.0,1,209
2.4645569620253163,2370,228,25.511627906976745,86,228,138.5,2,228,1263.0,1,228
2.4662190516156106,2383,213,25.58139534883721,86,213,139.5,2,213,1266.0,1,213
2.4679245283018867,2385,154,25.61627906976744,86,154,139.5,2,154,1271.0,1,154
2.4725826705734617,2389,168,25.651162790697676,86,168,140.5,2,168,1274.0,1,168
2.4700711594809546,2389,139,25.363636363636363,88,139,140.5,2,139,1279.0,1,139
2.4759715837860425,2393,156,25.397727272727273,88,156,141.5,2,156,1280.0,1,156
2.469703301295445,2393,120,25.11111111111111,90,120,141.5,2,120,1284.0,1,120
2.470391993327773,2398,223,24.891304347826086,92,223,142.5,2,223,1289.0,1,223
2.470833333333333,2400,126,24.967391304347824,92,126,142.5,2,126,1293.0,1,126
2.4746044962531224,2402,129,25.0,92,129,143.5,2,129,1295.0,1,129
2.4470833333333335,2400,164,23.801980198019802,101,164,143.5,2,164,1298.0,1,164
2.4195570413706644,2393,139,22.818181818181817,110,139,144.5,2,139,1302.0,1,139
2.4165275459098496,2396,169,22.83783783783784,111,169,144.5,2,169,1306.0,1,169
2.4131611828404833,2401,150,22.794642857142858,112,150,145.5,2,150,1309.0,1,150
2.4094881398252186,2403,133,22.82300884955752,113,133,145.5,2,133,1313.0,1,133
2.411055694098088,2406,146,22.858407079646017,113,146,146.5,2,146,1315.0,1,146
2.410958904109589,2409,132,23.0,113,132,146.5,2,132,1318.0,1,132
2.4102032351721276,2411,182,23.026315789473685,114,182,147.5,2,182,1321.0,1,182
2.4106920845420636,2413,120,23.06140350877193,114,120,147.5,2,120,1323.0,1,120
2.4107660455486544,2415,132,23.20175438596491,114,132,147.5,2,132,1327.0,1,132
2.4116673562267272,2417,141,23.25438596491228,114,141,148.5,2,141,1329.0,1,141
2.412567176519223,2419,128,23.31578947368421,114,128,148.5,2,128,1333.0,1,128
2.41312422616591,2423,161,23.359649122807017,114,161,149.5,2,161,1336.0,1,161
2.4139209225700164,2428,161,23.50877192982456,114,161,149.5,2,161,1339.0,1,161
2.41440329218107,2430,137,23.63157894736842,114,137,150.5,2,137,1342.0,1,137
2.4157764995891537,2434,144,23.68421052631579,114,144,150.5,2,144,1346.0,1,144
2.416256157635468,2436,125,23.736842105263158,114,125,151.5,2,125,1349.0,1,125
2.407468198604842,2437,196,23.478632478632477,117,196,151.5,2,196,1356.0,1,196
2.4073770491803277,2440,146,23.632478632478634,117,146,152.5,2,146,1358.0,1,146
2.4072861236185017,2443,123,23.700854700854702,117,123,152.5,2,123,1362.0,1,123
2.4085889570552146,2445,152,22.48695652173913,115,152,127.25,4,152,1364.0,1,152
2.408738260514496,2449,125,21.123893805309734,113,125,118.5,6,125,1369.0,1,125
2.4086460032626427,2452,157,21.24778761061947,113,157,119.16666666666667,6,157,1372.0,1,157
2.4086284086284087,2457,147,21.265486725663717,113,147,119.5,6,147,1377.0,1,147
2.4096337579617835,2512,1605,21.36283185840708,113,1605,120.16666666666667,6,1605,1389.0,1,1605
2.4042976522085158,2513,147,21.278260869565216,115,147,120.5,6,147,1392.0,1,147
2.404449741756059,2517,125,21.31304347826087,115,125,121.16666666666667,6,125,1395.0,1,125
2.4044409199048373,2522,138,21.347826086956523,115,138,121.5,6,138,1400.0,1,138
2.3954869358669835,2526,193,21.092436974789916,119,193,122.16666666666667,6,193,1403.0,1,193
2.392405063291139,2528,142,21.091666666666665,120,142,122.5,6,142,1407.0,1,142
2.393125246937969,2531,142,21.125,120,142,123.16666666666667,6,142,1409.0,1,142
2.392744479495268,2536,128,21.175,120,128,123.5,6,128,1414.0,1,128
2.3922413793103448,2552,335,21.191666666666666,120,335,124.16666666666667,6,335,1417.0,1,335
2.3918654673445445,2557,175,21.3,120,175,124.5,6,175,1421.0,1,175
2.391643889105818,2561,124,21.316666666666666,120,124,125.16666666666667,6,124,1423.0,1,124
2.3915756630265212,2564,145,21.325,120,145,125.5,6,145,1428.0,1,145
2.3919813156870378,2569,143,21.408333333333335,120,143,126.16666666666667,6,143,1432.0,1,143
2.3923853923853926,2574,170,21.508333333333333,120,170,126.5,6,170,1435.0,1,170
2.389988358556461,2577,155,21.47107438016529,121,155,126.5,6,155,1437.0,1,155
2.3872966692486446,2582,175,21.418032786885245,122,175,127.16666666666667,6,175,1443.0,1,175
2.3934362934362934,2590,230,21.516393442622952,122,230,127.5,6,230,1451.0,1,230
2.399768696993061,2594,181,21.549180327868854,122,181,128.16666666666666,6,181,1454.0,1,181
2.4009996155324873,2601,174,21.565573770491802,122,174,128.5,6,174,1460.0,1,174
2.3983115886415964,2606,149,21.51219512195122,123,149,129.16666666666666,6,149,1461.0,1,149
2.3990034495975467,2609,137,21.609756097560975,123,137,129.5,6,137,1466.0,1,137
2.3963998468019914,2611,138,21.556451612903224,124,138,130.16666666666666,6,138,1468.0,1,138
2.3967100229533282,2614,133,21.661290322580644,124,133,130.5,6,133,1473.0,1,133
2.3964858670741025,2618,139,21.701612903225808,124,139,131.16666666666666,6,139,1476.0,1,139
2.398932112890923,2622,168,21.782258064516128,124,168,131.5,6,168,1480.0,1,168
2.3996190476190478,2625,128,21.79032258064516,124,128,132.16666666666666,6,128,1483.0,1,128
2.400456794822992,2627,136,21.806451612903224,124,136,132.5,6,136,1486.0,1,136
2.401901140684411,2630,127,21.822580645161292,124,127,133.16666666666666,6,127,1489.0,1,127
2.4030360531309296,2635,161,21.830645161290324,124,161,133.5,6,161,1494.0,1,161
2.406131718395155,2642,169,21.85483870967742,124,169,134.16666666666666,6,169,1496.0,1,169
2.406344410876133,2648,142,21.85483870967742,124,142,134.5,6,142,1501.0,1,142
2.4047886270108494,2673,372,21.903225806451612,124,372,135.16666666666666,6,372,1502.0,1,372
2.24079874706343,5108,3537,21.968,125,3537,135.5,6,3537,1529.0,1,3537
2.2384118912575786,5113,180,21.818897637795274,127,180,136.16666666666666,6,180,1532.0,1,180
2.23749022673964,5116,159,21.796875,128,159,136.5,6,159,1537.0,1,159
2.2374072627879733,5122,121,21.8125,128,121,137.16666666666666,6,121,1539.0,1,121
2.2344908310573546,5126,153,21.70769230769231,130,153,137.5,6,153,1542.0,1,153
2.2348927875243665,5130,124,21.715384615384615,130,124,138.16666666666666,6,124,1545.0,1,124
2.23535137239634,5137,147,21.746153846153845,130,147,138.5,6,147,1549.0,1,147
2.233761182419292,5142,145,21.68702290076336,131,145,139.16666666666666,6,145,1552.0,1,145
2.2338318120023306,5149,124,21.702290076335878,131,124,139.5,6,124,1557.0,1,124
2.235407435946831,5191,399,21.666666666666668,132,399,140.16666666666666,6,399,1560.0,1,399
2.2280230326295585,5210,170,21.32116788321168,137,170,140.5,6,170,1565.0,1,170
2.228587852078942,5219,129,21.32116788321168,137,129,140.5,6,129,1567.0,1,129
2.2289433384379786,5224,173,21.333333333333332,138,173,141.16666666666666,6,173,1572.0,1,173
2.230445591891375,5229,128,21.36231884057971,138,128,141.5,6,128,1576.0,1,128
2.2279327474207107,5234,170,21.257142857142856,140,170,142.16666666666666,6,170,1579.0,1,170
2.225252717909594,5243,137,21.133802816901408,142,137,142.5,6,137,1583.0,1,137
2.227809523809524,5250,160,21.161971830985916,142,160,143.16666666666666,6,160,1585.0,1,160
2.226450999048525,5255,154,21.111888111888113,143,154,143.5,6,154,1589.0,1,154
2.2275665399239544,5260,127,21.111888111888113,143,127,144.16666666666666,6,127,1591.0,1,127
2.359090909090909,5500,3901,21.21232876712329,146,3901,149.0,6,3901,1635.0,1,3901
2.359309718437784,5505,354,21.12837837837838,148,354,149.66666666666666,6,354,1640.0,1,354
2.359499637418419,5516,202,21.08053691275168,149,202,150.0,6,202,1645.0,1,202
2.360578661844485,5530,161,21.06,150,161,150.66666666666666,6,161,1647.0,1,161
2.3602237863201587,5541,162,21.04635761589404,151,162,151.0,6,162,1651.0,1,162
2.357953521887948,5551,176,20.9281045751634,153,176,151.66666666666666,6,176,1653.0,1,176
2.3581713462922966,5556,125,20.96078431372549,153,125,152.0,6,125,1659.0,1,125
2.3594030924128013,5562,148,20.980392156862745,153,148,152.66666666666666,6,148,1661.0,1,148
2.359259924555416,5567,142,20.99346405228758,153,142,153.0,6,142,1667.0,1,142
2.3605527638190953,5572,129,21.013071895424837,153,129,153.66666666666666,6,129,1670.0,1,129
2.3608968609865473,5575,133,21.052287581699346,153,133,154.0,6,133,1673.0,1,133
2.3608672280953233,5581,125,21.058823529411764,153,125,154.66666666666666,6,125,1676.0,1,125
2.3609022556390977,5586,129,21.091503267973856,153,129,155.0,6,129,1680.0,1,129
2.3611309949892627,5588,129,21.124183006535947,153,129,155.66666666666666,6,129,1683.0,1,129
2.363132487037368,5593,224,21.176470588235293,153,224,156.0,6,224,1695.0,1,224
2.3631814119749777,5595,183,21.083870967741934,155,183,156.66666666666666,6,183,1696.0,1,183
2.3672084300767993,5599,181,21.096774193548388,155,181,157.0,6,181,1702.0,1,181
2.3690879885775478,5603,179,21.129032258064516,155,179,157.66666666666666,6,179,1703.0,1,179
2.369406311285434,5609,173,21.16774193548387,155,173,158.0,6,173,1708.0,1,173
2.371056852610943,5611,130,21.193548387096776,155,130,158.66666666666666,6,130,1711.0,1,130
2.3722835767723547,5614,145,21.232258064516127,155,145,159.0,6,145,1715.0,1,145
2.372974897632188,5617,118,21.238709677419354,155,118,159.0,6,118,1718.0,1,118
2.372887386586017,5621,154,21.270967741935483,155,154,159.66666666666666,6,154,1720.0,1,154
2.3743553263382537,5623,132,21.303225806451614,155,132,160.0,6,132,1724.0,1,132
2.3758222222222223,5625,158,21.361290322580643,155,158,160.66666666666666,6,158,1726.0,1,158
2.3772646536412076,5630,143,21.38064516129032,155,143,161.0,6,143,1729.0,1,143
2.378771742988995,5634,126,21.393548387096775,155,126,161.66666666666666,6,126,1732.0,1,126
2.381138096082255,5641,165,21.412903225806453,155,165,162.0,6,165,1736.0,1,165
2.3823946156571023,5646,153,21.470967741935485,155,153,162.66666666666666,6,153,1739.0,1,153
2.3841387856257743,5649,130,21.490322580645163,155,130,163.0,6,130,1744.0,1,130
2.3846426043878273,5652,132,21.509677419354837,155,132,163.66666666666666,6,132,1745.0,1,132
2.386560565870911,5655,136,21.52258064516129,155,136,164.0,6,136,1751.0,1,136
2.387062566277837,5658,122,21.54193548387097,155,122,164.66666666666666,6,122,1753.0,1,122
2.3867132867132868,5720,1586,21.55483870967742,155,1586,165.0,6,1586,1759.0,1,1586
2.3901799755373054,5723,165,21.612903225806452,155,165,165.66666666666666,6,165,1761.0,1,165
2.392177405273267,5727,146,21.638709677419357,155,146,166.0,6,146,1764.0,1,146
2.3923586880669925,5732,151,21.58974358974359,156,151,166.66666666666666,6,151,1769.0,1,151
2.3930313588850174,5740,162,21.608974358974358,156,162,167.0,6,162,1773.0,1,162
2.3821889159986056,5738,149,21.109756097560975,164,149,167.66666666666666,6,149,1776.0,1,149
2.382967607105538,5742,135,21.134146341463413,164,135,168.0,6,135,1780.0,1,135
2.3725592747559276,5736,133,20.697674418604652,172,133,168.66666666666666,6,133,1782.0,1,133
2.3734541020728095,5741,137,20.75581395348837,172,137,169.0,6,137,1788.0,1,137
2.374630241865321,5747,159,20.77906976744186,172,159,169.66666666666666,6,159,1789.0,1,159
2.375195686206297,5749,129,20.808139534883722,172,129,170.0,6,129,1793.0,1,129
2.368933727604801,5749,164,20.610169491525422,177,164,170.66666666666666,6,164,1796.0,1,164
2.369848721961398,5751,132,20.65536723163842,177,132,171.0,6,132,1799.0,1,132
2.370177267987487,5754,122,20.677966101694917,177,122,171.66666666666666,6,122,1802.0,1,122
2.3707240840423687,5759,144,20.706214689265536,177,144,172.0,6,144,1806.0,1,144
2.3710964607911174,5764,143,20.73446327683616,177,143,172.66666666666666,6,143,1809.0,1,143
2.371532593619972,5768,133,20.74576271186441,177,133,173.0,6,133,1814.0,1,133
2.372032576676486,5771,126,20.807909604519775,177,126,173.0,6,126,1815.0,1,126
2.3749350874156137,5777,156,20.875706214689266,177,156,173.66666666666666,6,156,1820.0,1,156
2.375259515570934,5780,139,20.93220338983051,177,139,174.0,6,139,1825.0,1,139
2.37558360712433,5783,134,20.98870056497175,177,134,174.66666666666666,6,134,1827.0,1,134
2.3760152064973217,5787,159,21.073446327683616,177,159,175.0,6,159,1831.0,1,159
2.3764462096356413,5791,127,21.10169491525424,177,127,175.66666666666666,6,127,1832.0,1,127
2.3767690714532277,5794,123,21.15819209039548,177,123,176.0,6,123,1837.0,1,123
2.377716453949638,5798,157,21.16949152542373,177,157,176.66666666666666,6,157,1840.0,1,157
2.3779731127197516,5802,144,21.225988700564972,177,144,177.0,6,144,1843.0,1,144
2.37822941784361,5806,128,21.23728813559322,177,128,177.66666666666666,6,128,1846.0,1,128
2.378787878787879,5808,132,21.305084745762713,177,132,178.0,6,132,1849.0,1,132
2.3796248494235073,5811,128,21.316384180790962,177,128,178.66666666666666,6,128,1853.0,1,128
2.379666265267504,5813,171,21.331460674157302,178,171,179.0,6,171,1857.0,1,171
2.378847807394669,5815,136,21.329608938547487,179,136,179.66666666666666,6,136,1858.0,1,136
2.3798729177399967,5823,215,21.34078212290503,179,215,180.0,6,215,1869.0,1,215
2.3856186717007035,5827,240,21.424581005586592,179,240,180.66666666666666,6,240,1871.0,1,240
2.386106346483705,5830,121,21.441340782122904,179,121,181.0,6,121,1876.0,1,121
2.3862896315338475,5835,148,21.502793296089386,179,148,181.66666666666666,6,148,1878.0,1,148
2.386406437253895,5841,139,21.52513966480447,179,139,182.0,6,139,1882.0,1,139
2.389050470487596,5845,150,21.553072625698324,179,150,182.66666666666666,6,150,1886.0,1,150
2.3892594492902344,5847,134,21.636871508379887,179,134,183.0,6,134,1889.0,1,134
2.389676978294309,5851,124,21.64245810055866,179,124,183.66666666666666,6,124,1893.0,1,124
2.3901605739665186,5854,145,21.720670391061454,179,145,184.0,6,145,1898.0,1,145
2.3903688524590163,5856,129,21.748603351955307,179,129,184.66666666666666,6,129,1901.0,1,129
2.390443686006826,5860,129,21.77094972067039,179,129,185.0,6,129,1906.0,1,129
2.3913340156943024,5862,160,21.843575418994412,179,160,185.66666666666666,6,160,1908.0,1,160
2.3915416098226467,5864,130,21.865921787709496,179,130,186.0,6,130,1913.0,1,130
2.3923339011925044,5870,174,21.932960893854748,179,174,186.66666666666666,6,174,1916.0,1,174
2.3916226800612974,5873,152,21.927777777777777,180,152,187.0,6,152,1920.0,1,152
2.391933287950987,5876,136,21.994444444444444,180,136,187.66666666666666,6,136,1922.0,1,136
2.3907127062425584,5879,118,21.96685082872928,181,118,187.66666666666666,6,118,1923.0,1,118
2.3913634818089085,5882,131,22.005524861878452,181,131,188.0,6,131,1928.0,1,131
2.3921070460704605,5904,342,22.07734806629834,181,342,188.66666666666666,6,342,1930.0,1,342
2.39207719654647,5907,131,22.093922651933703,181,131,189.0,6,131,1934.0,1,131
2.392216582064298,5910,130,22.14917127071823,181,130,189.66666666666666,6,130,1936.0,1,130
2.392561284868977,5915,169,22.265193370165747,181,169,190.0,6,169,1939.0,1,169
2.3929054054054055,5920,138,22.298342541436465,181,138,190.66666666666666,6,138,1941.0,1,138
2.3929113924050633,5925,134,22.320441988950275,181,134,191.0,6,134,1945.0,1,134
2.3931883324903054,5931,152,22.392265193370164,181,152,191.66666666666666,6,152,1947.0,1,152
2.3937299848306086,5933,127,22.408839779005525,181,127,192.0,6,127,1952.0,1,127
2.393934288121314,5935,114,22.425414364640883,181,114,192.66666666666666,6,114,1954.0,1,114
2.3947457056247896,5938,137,22.43646408839779,181,137,193.0,6,137,1959.0,1,137
2.3947501261988893,5943,137,22.464088397790054,181,137,193.66666666666666,6,137,1962.0,1,137
2.3949537426408747,5945,127,22.49171270718232,181,127,194.0,6,127,1966.0,1,127
2.3954935261476376,5947,130,22.552486187845304,181,130,194.66666666666666,6,130,1968.0,1,130
2.3958648512355016,5949,161,22.696132596685082,181,161,195.0,6,161,1973.0,1,161
2.396505376344086,5952,133,22.70718232044199,181,133,195.66666666666666,6,133,1976.0,1,133
2.396777442094663,5958,182,22.773480662983424,181,182,196.0,6,182,1980.0,1,182
2.396979865771812,5960,123,22.790055248618785,181,123,196.66666666666666,6,123,1981.0,1,123
2.39738430583501,5964,135,22.80110497237569,181,135,197.0,6,135,1986.0,1,135
2.77526444263629,6145,3402,22.808743169398905,183,3402,197.66666666666666,6,3402,2013.0,1,3402
2.7764227642276422,6150,159,22.852459016393443,183,159,198.0,6,159,2019.0,1,159
2.7770555736106597,6154,177,22.831521739130434,184,177,198.66666666666666,6,177,2022.0,1,177
2.777326620107195,6157,132,22.858695652173914,184,132,199.0,6,132,2026.0,1,132
2.7773088784288267,6161,142,22.918478260869566,184,142,199.66666666666666,6,142,2027.0,1,142
2.7777417261518496,6164,155,23.016304347826086,184,155,200.0,6,155,2031.0,1,155
2.778894472361809,6169,157,23.043478260869566,184,157,200.66666666666666,6,157,2034.0,1,157
2.778083522175461,6178,131,23.059782608695652,184,131,201.0,6,131,2038.0,1,131
2.77761604399159,6183,142,23.07608695652174,184,142,201.66666666666666,6,142,2042.0,1,142
2.7772029102667743,6185,136,23.043243243243243,185,136,201.66666666666666,6,136,2044.0,1,136
2.7833440721649483,6208,378,23.00537634408602,186,378,202.0,6,378,2048.0,1,378
2.784645098985997,6213,162,23.080645161290324,186,162,202.66666666666666,6,162,2050.0,1,162
2.785070785070785,6216,137,23.107526881720432,186,137,203.0,6,137,2055.0,1,137
2.7860584645036943,6226,197,23.155913978494624,186,197,203.66666666666666,6,197,2062.0,1,197
2.7856341189674523,6237,193,23.20967741935484,186,193,204.0,6,193,2071.0,1,193
2.7895579756566304,6244,211,23.247311827956988,186,211,204.66666666666666,6,211,2073.0,1,211
2.790046407425188,6249,170,23.295698924731184,186,170,205.0,6,170,2078.0,1,170
2.790281329923274,6256,158,23.317204301075268,186,158,205.66666666666666,6,158,2079.0,1,158
2.790129372304744,6261,155,23.333333333333332,186,155,206.0,6,155,2084.0,1,155
2.7901707355991703,6267,151,23.381720430107528,186,151,206.66666666666666,6,151,2086.0,1,151
2.8805790108564535,6632,4160,23.074468085106382,188,4160,196.57142857142858,7,4160,2156.0,1,4160
2.8814401928291655,6638,196,23.132978723404257,188,196,197.14285714285714,7,196,2160.0,1,196
2.881192591477187,6641,126,23.170212765957448,188,126,197.42857142857142,7,126,2163.0,1,126
2.881396748946418,6644,126,23.18617021276596,188,126,198.0,7,126,2165.0,1,126
2.880390683696469,6655,143,23.21276595744681,188,143,198.28571428571428,7,143,2169.0,1,143
2.879574085182963,6668,157,23.25,188,157,198.85714285714286,7,157,2174.0,1,157
2.879682349415643,6674,194,23.340425531914892,188,194,199.14285714285714,7,194,2179.0,1,194
2.8797544174902665,6678,139,23.356382978723403,188,139,199.71428571428572,7,139,2181.0,1,139
2.879808411914384,6681,125,23.372340425531913,188,125,200.0,7,125,2185.0,1,125
2.879994014664073,6683,126,23.388297872340427,188,126,200.57142857142858,7,126,2188.0,1,126
2.881077038145101,6685,121,23.409574468085108,188,121,200.85714285714286,7,121,2192.0,1,121
2.881895649573927,6689,146,23.45212765957447,188,146,201.42857142857142,7,146,2195.0,1,146
2.882098027495517,6692,124,23.46808510638298,188,124,201.71428571428572,7,124,2199.0,1,124
2.88319641523525,6695,138,23.48936170212766,188,138,202.28571428571428,7,138,2202.0,1,138
2.883977900552486,6697,130,23.52127659574468,188,130,202.57142857142858,7,130,2205.0,1,130
2.8855052992984027,6699,126,23.53191489361702,188,126,203.14285714285714,7,126,2208.0,1,126
2.885590692124105,6704,178,23.590425531914892,188,178,203.42857142857142,7,178,2212.0,1,178
2.8858250111790134,6709,138,23.632978723404257,188,138,204.0,7,138,2214.0,1,138
2.885893043348726,6713,142,23.643617021276597,188,142,204.28571428571428,7,142,2219.0,1,142
2.8874497543546225,6717,132,23.659574468085108,188,132,204.28571428571428,7,132,2220.0,1,132
2.886590266408692,6719,118,23.603174603174605,189,118,204.85714285714286,7,118,2222.0,1,118
2.8867251375055747,6727,173,23.61904761904762,189,173,205.14285714285714,7,173,2226.0,1,173
2.8869074156635457,6729,120,23.650793650793652,189,120,205.71428571428572,7,120,2228.0,1,120
2.888129549844005,6731,143,23.6984126984127,189,143,206.0,7,143,2232.0,1,143
2.8874034462269758,6732,122,23.647368421052633,190,122,206.57142857142858,7,122,2234.0,1,122
2.8884929472902745,6735,124,23.66315789473684,190,124,206.85714285714286,7,124,2239.0,1,124
2.8883941822499257,6738,190,23.701570680628272,191,190,207.42857142857142,7,190,2242.0,1,190
2.889218448761679,6743,148,23.722513089005236,191,148,207.71428571428572,7,148,2246.0,1,148
2.889267714201008,6746,132,23.74869109947644,191,132,208.28571428571428,7,132,2250.0,1,132
2.8895969176052163,6748,128,23.76439790575916,191,128,208.57142857142858,7,128,2254.0,1,128
2.8903703703703703,6750,126,23.81151832460733,191,126,209.14285714285714,7,126,2256.0,1,126
2.890583358010068,6754,133,23.82198952879581,191,133,209.42857142857142,7,133,2261.0,1,133
2.890500147972773,6758,138,23.853403141361255,191,138,210.0,7,138,2263.0,1,138
2.8905325443786984,6760,122,23.87434554973822,191,122,210.28571428571428,7,122,2266.0,1,122
2.890597279716144,6764,127,23.084656084656086,189,127,186.44444444444446,9,127,2268.0,1,127
2.892107596807567,6766,127,23.1005291005291,189,127,186.66666666666666,9,127,2273.0,1,127
2.893205317577548,6770,193,23.206349206349206,189,193,187.11111111111111,9,193,2276.0,1,193
2.8946125461254613,6775,155,22.39572192513369,187,155,171.63636363636363,11,155,2280.0,1,155
2.893742621015348,6776,141,22.345744680851062,188,141,172.1818181818182,11,141,2281.0,1,141
2.8942165830628506,6778,136,22.367021276595743,188,136,172.54545454545453,11,136,2285.0,1,136
2.8942477876106194,6780,112,22.377659574468087,188,112,172.9090909090909,11,112,2287.0,1,112
2.893704850361197,6783,175,22.333333333333332,189,175,173.0909090909091,11,175,2293.0,1,175
2.892557111274871,6785,116,22.289473684210527,190,116,173.45454545454547,11,116,2295.0,1,116
2.89247311827957,6789,192,22.277486910994764,191,192,173.8181818181818,11,192,2302.0,1,192
2.893977322927404,6791,204,22.239583333333332,192,204,174.1818181818182,11,204,2307.0,1,204
2.8947600824256696,6794,176,22.212435233160623,193,176,174.54545454545453,11,176,2311.0,1,176
2.8849948461198647,6791,162,21.72772277227723,202,162,175.0909090909091,11,162,2314.0,1,162
2.8807244882933296,6791,190,21.57766990291262,206,190,175.27272727272728,11,190,2318.0,1,190
2.880612395112616,6793,121,21.62135922330097,206,121,175.27272727272728,11,121,2320.0,1,121
2.8806475349521707,6795,126,21.635922330097088,206,126,175.63636363636363,11,126,2324.0,1,126
2.8805531038540746,6798,125,21.679611650485437,206,125,176.0,11,125,2329.0,1,125
2.880658436213992,6804,152,21.694174757281555,206,152,176.54545454545453,11,152,2332.0,1,152
2.880546576550103,6806,118,21.71359223300971,206,118,176.72727272727272,11,118,2336.0,1,118
2.8793888644042895,6807,131,21.681159420289855,207,131,177.0909090909091,11,131,2339.0,1,131
2.87903699354081,6812,130,21.70048309178744,207,130,177.27272727272728,11,130,2343.0,1,130
2.8788323309373625,6817,128,21.743961352657006,207,128,177.63636363636363,11,128,2346.0,1,128
2.878552593026663,6826,189,21.753623188405797,207,189,178.0,11,189,2350.0,1,189
2.8784950958864,6831,207,21.835748792270532,207,207,178.54545454545453,11,207,2351.0,1,207
2.8788410886742755,6834,137,21.855072463768117,207,137,178.9090909090909,11,137,2355.0,1,137
2.8786017259031738,6837,138,21.903381642512077,207,138,179.45454545454547,11,138,2358.0,1,138
2.87733918128655,6840,126,21.89423076923077,208,126,179.8181818181818,11,126,2362.0,1,126
2.877610632393749,6847,174,21.908653846153847,208,174,180.36363636363637,11,174,2364.0,1,174
2.877500365016791,6849,119,21.932692307692307,208,119,180.72727272727272,11,119,2369.0,1,119
2.8779740183914755,6851,129,21.947115384615383,208,129,181.27272727272728,11,129,2371.0,1,129
2.87832920972202,6871,501,21.95673076923077,208,501,181.63636363636363,11,501,2374.0,1,501
2.8786556089044084,6873,132,22.004807692307693,208,132,182.1818181818182,11,132,2377.0,1,132
2.8788142981691367,6882,167,22.01923076923077,208,167,182.54545454545453,11,167,2381.0,1,167
2.8799012489108335,6886,177,22.096153846153847,208,177,182.9090909090909,11,177,2385.0,1,177
2.8799535491363044,6889,128,22.115384615384617,208,128,183.27272727272728,11,128,2389.0,1,128
2.879878137240679,6893,127,22.129807692307693,208,127,183.8181818181818,11,127,2391.0,1,127
2.8805104408352666,6896,135,22.173076923076923,208,135,184.0,11,135,2396.0,1,135
2.880852297434411,6899,148,22.221153846153847,208,148,184.54545454545453,11,148,2399.0,1,148
2.8811766410665123,6901,137,22.278846153846153,208,137,184.72727272727272,11,137,2403.0,1,137
2.8812110676517455,6903,131,22.33173076923077,208,131,185.27272727272728,11,131,2404.0,1,131
2.8811006517016655,6905,132,22.384615384615383,208,132,185.63636363636363,11,132,2409.0,1,132
2.881424641667873,6907,128,22.427884615384617,208,128,186.0,11,128,2412.0,1,128
2.8816550925925926,6912,155,22.442307692307693,208,155,186.36363636363637,11,155,2416.0,1,155
2.882591093117409,6916,186,22.552884615384617,208,186,186.36363636363637,11,186,2419.0,1,186
2.8823699421965316,6920,138,22.60576923076923,208,138,186.72727272727272,11,138,2422.0,1,138
2.8831262640855244,6922,141,22.629807692307693,208,141,186.9090909090909,11,141,2427.0,1,141
2.8834488734835357,6924,116,22.639423076923077,208,116,187.27272727272728,11,116,2430.0,1,116
2.8838383838383836,6930,185,22.66346153846154,208,185,187.45454545454547,11,185,2435.0,1,185
2.883727639930756,6932,125,22.716346153846153,208,125,188.0,11,125,2436.0,1,125
2.884049610614364,6934,132,22.76923076923077,208,132,188.1818181818182,11,132,2440.0,1,132
2.884083044982699,6936,121,22.783653846153847,208,121,188.72727272727272,11,121,2442.0,1,121
2.884404727587201,6938,120,22.798076923076923,208,120,188.9090909090909,11,120,2447.0,1,120
2.8845212383009358,6945,163,22.817307692307693,208,163,189.45454545454547,11,163,2449.0,1,163
2.882757632220152,6977,350,22.91346153846154,208,350,189.63636363636363,11,350,2454.0,1,350
2.8827912308353634,6979,139,22.966346153846153,208,139,190.1818181818182,11,139,2458.0,1,139
2.882984818103695,6982,134,22.985576923076923,208,134,190.54545454545453,11,134,2462.0,1,134
2.8828919112383677,6985,119,23.0,208,119,191.0909090909091,11,119,2465.0,1,119
2.882832618025751,6990,155,23.014423076923077,208,155,191.45454545454547,11,155,2470.0,1,155
2.8827231121281462,6992,127,23.067307692307693,208,127,192.0,11,127,2472.0,1,127
2.883218982275586,6996,205,23.08173076923077,208,205,192.36363636363637,11,205,2484.0,1,205
2.885049264600885,7003,188,23.10576923076923,208,188,192.72727272727272,11,188,2486.0,1,188
2.8870806566738043,7005,174,23.129807692307693,208,174,193.0909090909091,11,174,2491.0,1,174
2.8864803194523674,7012,161,23.182692307692307,208,161,193.45454545454547,11,161,2493.0,1,161
2.886259977194983,7016,153,23.23076923076923,208,153,193.63636363636363,11,153,2498.0,1,153
2.8865773724707893,7018,165,23.346153846153847,208,165,194.0,11,165,2500.0,1,165
2.8867843919111364,7022,144,23.39423076923077,208,144,194.36363636363637,11,144,2505.0,1,144
3.2123411978221417,7163,3582,23.37440758293839,211,3582,194.9090909090909,11,3582,2531.0,1,3582
3.2138970280452073,7167,186,23.412322274881518,211,186,195.27272727272728,11,186,2535.0,1,186
3.2136382652349744,7171,126,23.421800947867297,211,126,195.8181818181818,11,126,2538.0,1,126
3.211310767516367,7179,158,23.338028169014084,213,158,196.0,11,158,2541.0,1,158
3.2105775922059845,7185,144,23.380281690140844,213,144,196.36363636363637,11,144,2543.0,1,144
3.21242875017378,7193,156,23.399061032863848,213,156,196.54545454545453,11,156,2551.0,1,156
3.210774784782005,7202,167,23.364485981308412,214,167,196.9090909090909,11,167,2552.0,1,167
3.2106285555709726,7207,121,23.369158878504674,214,121,196.9090909090909,11,121,2554.0,1,121
3.2100665557404326,7212,152,23.406542056074766,214,152,197.0909090909091,11,152,2559.0,1,152
3.2103658536585367,7216,141,23.44392523364486,214,141,197.45454545454547,11,141,2561.0,1,141
3.216724257083621,7235,377,23.490654205607477,214,377,197.8181818181818,11,377,2566.0,1,377
3.2167127071823205,7240,149,23.509345794392523,214,149,198.36363636363637,11,149,2568.0,1,149
3.216484881954991,7243,129,23.52803738317757,214,129,198.72727272727272,11,129,2573.0,1,129
3.2147290028961524,7251,142,23.50232558139535,215,142,199.27272727272728,11,142,2574.0,1,142
3.211222942230801,7253,146,23.38532110091743,218,146,199.63636363636363,11,146,2578.0,1,146
3.2079944865609926,7255,127,23.226244343891402,221,127,200.0,11,127,2582.0,1,127
3.2060889929742387,7259,167,23.14798206278027,223,167,200.1818181818182,11,167,2585.0,1,167
3.2063885446785076,7263,144,23.15695067264574,223,144,200.72727272727272,11,144,2588.0,1,144
3.2059713813979087,7268,147,23.18834080717489,223,147,200.9090909090909,11,147,2592.0,1,147
3.206375377851058,7278,190,23.233183856502244,223,190,201.27272727272728,11,190,2596.0,1,190
3.279268613522757,7602,4122,23.162280701754387,228,4122,206.0,11,4122,2675.0,1,4122
3.2797423425792034,7607,198,23.20614035087719,228,198,206.36363636363637,11,198,2677.0,1,198
3.279500657030223,7610,125,23.214912280701753,228,125,206.72727272727272,11,125,2681.0,1,125
3.2788713910761156,7620,135,23.223684210526315,228,135,207.0909090909091,11,135,2683.0,1,135
3.2784992784992784,7623,141,23.24122807017544,228,141,207.27272727272728,11,141,2687.0,1,141
3.276439790575916,7640,171,23.267543859649123,228,171,207.8181818181818,11,171,2691.0,1,171
3.2767098208447756,7647,169,23.285087719298247,228,169,208.1818181818182,11,169,2694.0,1,169
3.27639832723471,7652,141,23.289473684210527,228,141,208.72727272727272,11,141,2697.0,1,141
3.2773713091194145,7654,171,23.359649122807017,228,171,208.9090909090909,11,171,2701.0,1,171
3.2786628362496737,7658,162,23.394736842105264,228,162,209.27272727272728,11,162,2704.0,1,162
3.2776399947787493,7661,132,23.00877192982456,228,132,200.41666666666666,12,132,2710.0,1,132
3.2775313152400836,7664,145,23.026315789473685,228,145,200.75,12,145,2712.0,1,145
3.278857440980827,7667,137,23.030701754385966,228,137,201.08333333333334,12,137,2717.0,1,137
3.2783209490288097,7671,119,23.04385964912281,228,119,201.41666666666666,12,119,2718.0,1,119
3.2783787306138406,7673,138,23.05701754385965,228,138,201.66666666666666,12,138,2722.0,1,138
3.2794788273615634,7675,138,23.083333333333332,228,138,202.16666666666666,12,138,2726.0,1,138
3.2793543348086436,7682,170,23.096491228070175,228,170,202.33333333333334,12,170,2727.0,1,170
3.279078844652615,7686,137,23.105263157894736,228,137,202.5,12,137,2732.0,1,137
3.279453836150845,7690,176,23.117903930131003,229,176,202.83333333333334,12,176,2734.0,1,176
3.2802547770700636,7693,148,23.14410480349345,229,148,203.08333333333334,12,148,2737.0,1,148
3.2813149688149688,7696,142,23.157205240174672,229,142,203.41666666666666,12,142,2741.0,1,142
3.281521880275289,7701,174,23.16593886462882,229,174,203.58333333333334,12,174,2746.0,1,174
3.2817084252888487,7703,127,23.17467248908297,229,127,203.91666666666666,12,127,2748.0,1,127
3.281245944192083,7705,216,23.09090909090909,231,216,204.25,12,216,2760.0,1,216
3.2804466372370813,7702,228,22.51914893617021,235,228,196.76923076923077,13,228,2761.0,1,228
3.282061266874351,7704,138,22.536170212765956,235,138,196.92307692307693,13,138,2766.0,1,138
3.2828426922578133,7711,180,22.557446808510637,235,180,197.3846153846154,13,180,2769.0,1,180
3.282659409020218,7716,133,22.557446808510637,235,133,197.53846153846155,13,133,2773.0,1,133
3.2836420152829944,7721,137,22.561702127659576,235,137,197.92307692307693,13,137,2775.0,1,137
3.28336569579288,7725,166,22.608510638297872,235,166,198.23076923076923,13,166,2779.0,1,166
3.2842541079052916,7729,146,22.629787234042553,235,146,198.69230769230768,13,146,2783.0,1,146
3.2844950213371265,7733,148,22.642553191489363,235,148,199.0,13,148,2786.0,1,148
3.2819087029613345,7733,134,22.50420168067227,238,134,199.3846153846154,13,134,2788.0,1,134
3.281209614887568,7738,131,22.51260504201681,238,131,199.69230769230768,13,131,2793.0,1,131
3.2804909560723514,7740,144,22.476987447698743,239,144,200.15384615384616,13,144,2796.0,1,144
3.2814154720392614,7743,133,22.485355648535563,239,133,200.30769230769232,13,133,2802.0,1,133
3.2804594734124937,7748,182,22.441666666666666,240,182,200.69230769230768,13,182,2805.0,1,182
3.2790607663527287,7751,149,22.04564315352697,241,149,193.71428571428572,14,149,2809.0,1,149
3.2730089066735513,7747,146,21.42914979757085,247,146,187.93333333333334,15,146,2812.0,1,146
3.272774193548387,7750,168,21.489878542510123,247,168,188.13333333333333,15,168,2816.0,1,168
3.27184841453983,7758,135,21.497975708502025,247,135,188.46666666666667,15,135,2820.0,1,135
3.2719659881473846,7762,181,21.506072874493928,247,181,188.66666666666666,15,181,2824.0,1,181
3.2722122070563997,7766,132,21.534412955465587,247,132,189.13333333333333,15,132,2826.0,1,132
3.267893923789907,7768,136,21.406374501992033,251,136,189.33333333333334,15,136,2830.0,1,136
3.267335649041554,7773,142,21.426294820717132,251,142,189.8,15,142,2832.0,1,142
3.266940979812267,7777,127,21.438247011952193,251,127,190.13333333333333,15,127,2837.0,1,127
3.2656470890631026,7781,152,21.408730158730158,252,152,190.13333333333333,15,152,2839.0,1,152
3.2647663071391886,7788,136,21.41269841269841,252,136,190.6,15,136,2841.0,1,136
3.2640831515462594,7793,130,21.428571428571427,252,130,190.93333333333334,15,130,2846.0,1,130
3.258503401360544,7791,179,21.24031007751938,258,179,191.4,15,179,2848.0,1,179
3.2573444515715204,7795,134,21.212355212355213,259,134,191.53333333333333,15,134,2853.0,1,134
3.2565055762081783,7801,152,21.254826254826256,259,152,191.8,15,152,2855.0,1,152
3.2561506919528447,7804,124,21.26254826254826,259,124,192.13333333333333,15,124,2859.0,1,124
3.255924170616114,7807,124,21.27799227799228,259,124,192.6,15,124,2861.0,1,124
3.255665087696838,7811,142,21.28957528957529,259,142,192.93333333333334,15,142,2865.0,1,142
3.2552783109404992,7815,138,21.33976833976834,259,138,193.33333333333334,15,138,2868.0,1,138
3.2546663257478907,7822,188,21.393822393822393,259,188,193.53333333333333,15,188,2873.0,1,188
3.2543433827286665,7828,140,21.409266409266408,259,140,193.86666666666667,15,140,2875.0,1,140
3.2539581205311543,7832,132,21.416988416988417,259,132,194.2,15,132,2880.0,1,132
3.2541161455009573,7835,166,21.45173745173745,259,166,194.53333333333333,15,166,2882.0,1,166
3.2536989795918365,7840,138,21.46718146718147,259,138,194.86666666666667,15,138,2888.0,1,138
3.253090353001147,7847,187,21.52895752895753,259,187,195.2,15,187,2890.0,1,187
3.252738853503185,7850,130,21.575289575289574,259,130,195.4,15,130,2894.0,1,130
3.252387622564625,7853,129,21.62162162162162,259,129,195.73333333333332,15,129,2895.0,1,129
3.252418533604888,7856,159,21.679536679536678,259,159,196.06666666666666,15,159,2900.0,1,159
3.2520035618878005,7861,136,21.69111969111969,259,136,196.46666666666667,15,136,2903.0,1,136
3.250825921219822,7870,152,21.714285714285715,259,152,196.66666666666666,15,152,2907.0,1,152
3.2509525019050036,7874,136,21.72200772200772,259,136,197.0,15,136,2909.0,1,136
3.2504124888945296,7879,139,21.768339768339768,259,139,197.33333333333334,15,139,2914.0,1,139
3.249587824984147,7885,175,21.833976833976834,259,175,197.8,15,175,2917.0,1,175
3.2484787018255576,7888,136,21.803846153846155,260,136,198.13333333333333,15,136,2922.0,1,136
3.2480679082731534,7893,159,21.857692307692307,260,159,198.6,15,159,2925.0,1,159
3.248195517285045,7897,181,21.907692307692308,260,181,198.93333333333334,15,181,2934.0,1,181
3.247816732059233,7901,162,21.926923076923078,260,162,199.26666666666668,15,162,2940.0,1,162
3.2513281052365293,7906,235,21.965384615384615,260,235,199.6,15,235,2945.0,1,235
3.2511380880121394,7908,126,22.015384615384615,260,126,199.73333333333332,15,126,2947.0,1,126
3.2501894417782267,7918,205,22.034615384615385,260,205,200.2,15,205,2950.0,1,205
3.249495204442201,7924,152,22.08076923076923,260,152,200.53333333333333,15,152,2954.0,1,152
3.2492431886982844,7928,138,22.096153846153847,260,138,200.8,15,138,2957.0,1,138
3.248707928904576,7933,176,22.134615384615383,260,176,201.13333333333333,15,176,2963.0,1,176
3.2478288231592196,7945,188,22.196153846153845,260,188,201.46666666666667,15,188,2970.0,1,188
3.2469508361624544,7953,186,22.21153846153846,260,186,201.8,15,186,2974.0,1,186
3.2467010179715974,7957,123,22.21923076923077,260,123,202.26666666666668,15,123,2976.0,1,123
3.246294900778699,7962,156,22.265384615384615,260,156,202.6,15,156,2981.0,1,156
3.24601481109577,7967,147,22.323076923076922,260,147,202.93333333333334,15,147,2982.0,1,147
3.2450746643242563,7969,135,22.32183908045977,261,135,203.13333333333333,15,135,2987.0,1,135
3.243984962406015,7980,174,22.367816091954023,261,174,203.6,15,174,2989.0,1,174
3.2435817157169695,7985,145,22.406130268199234,261,145,203.8,15,145,2994.0,1,145
3.2434597571661032,7989,136,22.413793103448278,261,136,204.06666666666666,15,136,2998.0,1,136
3.2430572929697274,7994,142,22.46360153256705,261,142,204.26666666666668,15,142,3000.0,1,142
3.2434662998624484,7997,161,22.49425287356322,261,161,204.66666666666666,15,161,3003.0,1,161
3.2429089091590653,8003,151,22.544061302681992,261,151,205.0,15,151,3006.0,1,151
3.2401094799701418,8038,296,22.551724137931036,261,296,205.46666666666667,15,296,3009.0,1,296
3.2398955353811716,8041,140,22.60153256704981,261,140,205.8,15,140,3012.0,1,140
3.2409040109276046,8053,308,22.662835249042146,261,308,206.13333333333333,15,308,3016.0,1,308
3.241250930752048,8058,144,22.666666666666668,261,144,206.26666666666668,15,144,3021.0,1,144
3.2406695598264106,8065,165,22.708812260536398,261,165,206.6,15,165,3024.0,1,165
3.240922047341678,8069,143,22.71647509578544,261,143,206.93333333333334,15,143,3029.0,1,143
3.240401288085212,8074,145,22.766283524904214,261,145,207.26666666666668,15,145,3032.0,1,145
3.5187530443253774,8212,3474,22.629213483146067,267,3474,207.46666666666667,15,3474,3062.0,1,3474
3.5187530443253774,8212,16777215,22.629213483146067,267,16777215,207.46666666666667,15,16777215,8390138.5,2,16777215
