Average,CL Appearances,Compression Ratio,Average,CL Appearances,Compression Ratio,Average,CL Appearances,Compression Ratio,Average,CL Appearances,Compression Ratio,CLs Processed
2to10 Buffer,2to10 Buffer,2to10 Buffer,11to100 Buffer,11to100 Buffer,11to100 Buffer,101to1000 Buffer,101to1000 Buffer,101to1000 Buffer,1001+ Buffer,1001+ Buffer,1001+ Buffer,
2.3529411764705883,17,0.13144922773578707,85.0,1,10.090782122905027,0.0,0,0.0,0.0,0,0.0,716
2.4344569288389515,267,0.22413555293843038,26.444444444444443,9,0.8914699401951526,413.0,2,48.31983002832861,0.0,0,0.0,7060
2.3927272727272726,550,0.3567674020971097,20.11111111111111,9,0.41243044540121354,363.6666666666667,3,44.953584107561,0.0,0,0.0,8826
2.463157894736842,570,0.38028080978783,20.22222222222222,9,0.40471128705129145,375.0,3,46.39047723773917,0.0,0,0.0,9094
2.547169811320755,583,0.40524396505370913,20.333333333333332,9,0.39865009642168414,385.3333333333333,3,47.72287693736161,0.0,0,0.0,9334
2.6254180602006687,598,0.4259047690137477,19.5,10,0.39290142591444516,401.0,3,49.84531928084315,0.0,0,0.0,9678
2.710526315789474,608,0.45047875841277263,19.7,10,0.39137757160145215,412.0,3,51.35457845905607,0.0,0,0.0,9916
2.77337559429477,631,0.470747554802701,20.0,10,0.3879728419010669,430.0,3,53.802133850630455,0.0,0,0.0,10310
2.8184480234260616,683,0.4997708589807635,19.545454545454547,11,0.38709218195216727,177.0,2,5.771739130434782,1040.0,1,99.63154016212233,10856
2.8745046235138707,757,0.5154022792325463,18.928571428571427,14,0.4133216404557868,177.0,2,5.1629861568885955,1180.0,1,114.73302570863547,12136
2.663563829787234,752,0.42838592830125494,13.95,40,0.6250281034205877,177.0,2,5.0311546491087205,1231.0,1,121.67665007226594,12454
2.6311787072243344,789,0.42173617944701347,14.354166666666666,48,0.7635902434630429,177.5,2,4.865078752316244,1308.0,1,132.09264978381717,12952
2.673278879813302,857,0.4523251044056333,15.156862745098039,51,0.8653068612969559,177.5,2,4.653803545051699,1390.0,1,142.6957163958641,13540
2.6881472957422323,869,0.4541814033598911,15.865384615384615,52,0.9466904605592584,177.5,2,4.557536525386952,1434.0,1,148.7310863590337,13826
2.6988636363636362,880,0.45517690217040446,16.58490566037736,53,1.03523164859194,177.5,2,4.4746839937508875,1472.0,1,153.86905269137907,14082
2.7051569506726456,892,0.45450102506427337,17.25925925925926,54,1.120013203567026,177.5,2,4.387446038156246,1515.0,1,159.81235204010582,14362
2.7218543046357615,906,0.45872694882666676,18.037037037037038,54,1.2006611586983376,177.5,2,4.306485784581739,1550.0,1,164.1949152542373,14632
2.7257889009793255,919,0.46017665433031474,18.75925925925926,54,1.2807069436332141,177.5,2,4.246697668149347,1576.0,1,167.39291009570022,14838
2.7354211663066956,926,0.45941001287991384,19.4,55,1.3724837554700968,177.5,2,4.177993634796446,1613.0,1,172.50822172125712,15082
2.733191035218783,937,0.45642294217496765,19.603448275862068,58,1.4533855431439209,177.5,2,4.108796296296297,1643.0,1,176.02040949400103,15336
2.749209694415174,949,0.4594342872616698,20.1864406779661,59,1.5399725113667453,177.5,2,4.0361580835254935,1685.0,1,181.86170894183962,15612
2.71118530884808,1198,0.46894929615180336,20.26086956521739,69,1.5083978939276768,179.0,2,3.412610501650868,1864.0,1,185.03014165512835,18778
2.5549281314168377,1948,0.5504232235330968,22.789473684210527,76,1.7085693195849985,286.5,2,7.1060730672669035,2073.0,1,186.0154532075145,23102
2.571473061351604,3211,0.6506298053435128,21.388235294117646,85,1.1915122805879108,218.75,4,5.86524024024024,2431.0,1,181.09214316357173,32634
2.5770542635658913,3225,0.6500120784369081,21.74418604651163,86,1.2340403006669727,218.75,4,5.808990895295903,2475.0,1,185.90667678300454,32950
2.574910820451843,3364,0.6458527111470974,22.1123595505618,89,1.2601240399463027,219.5,4,5.58061620432038,2568.0,1,190.96032895117855,34534
2.5617639003012873,3651,0.6607516893585004,22.148936170212767,94,1.2716917187795207,220.5,4,5.363217693453202,2678.0,1,197.77408857757433,36262
2.5634033269702754,3667,0.6569961629818024,22.473684210526315,95,1.3082483310468338,220.5,4,5.302677500272658,2743.0,1,205.14911658850474,36676
2.5651819663226507,3682,0.6542841931384671,22.63917525773196,97,1.3425770690245582,220.5,4,5.251984877126654,2792.0,1,210.51212530380772,37030
2.5616254036598494,3716,0.6514590493571495,22.603960396039604,101,1.3787026872604438,220.5,4,5.195858936681806,2847.0,1,216.54846379909165,37430
2.567379679144385,3740,0.6533441025957909,23.03960396039604,101,1.4208936291699774,220.5,4,5.154272235768048,2892.0,1,221.65970528993958,37732
2.565667285752189,3769,0.6513179316713132,23.038095238095238,105,1.4630146062415306,220.5,4,5.105560222618923,2937.0,1,226.45093457943926,38092
2.5671523178807947,3775,0.648344446799301,23.233644859813083,107,1.5052340540366758,220.5,4,5.068305014072761,2974.0,1,230.49817575315333,38372
2.5663693599160546,3812,0.6475829622919465,23.27027027027027,111,1.5503509958242998,220.5,4,5.016275470724787,3029.0,1,236.64794944544752,38770
2.572027239392352,3818,0.6464298600233644,23.530973451327434,113,1.6013733212295158,220.5,4,4.9775030712530715,3075.0,1,242.00514434889436,39072
2.569222716566344,3821,0.6413583738120275,23.663793103448278,116,1.651759956999581,220.5,4,4.945354218583126,3108.0,1,245.6304734781061,39326
2.568075117370892,3834,0.6374865773909288,23.840336134453782,119,1.7051995162728264,220.5,4,4.903211980637354,3152.0,1,250.48164582492942,39664
2.5717261129914086,3841,0.6359781329894135,24.233333333333334,120,1.7642332598971895,220.5,4,4.868841377929101,3191.0,1,254.91891147606648,39944
2.5776332899869963,3845,0.6354639952505129,24.666666666666668,120,1.8161617166641795,220.5,4,4.837595144520173,3224.0,1,258.5487289189592,40202
2.5819267722669434,3851,0.6340981548350101,25.06611570247934,121,1.8778226776075642,220.5,4,4.803660524625797,3264.0,1,263.14518599021886,40486
2.5901087519419987,3862,0.6348654213593682,25.570247933884296,121,1.9386019874402844,220.5,4,4.765523156089194,3312.0,1,268.79059054153396,40810
2.6017539334537014,3877,0.6361847165409552,25.766129032258064,124,1.9956070556109888,220.5,4,4.714462329099195,3378.0,1,276.6140793173664,41252
2.599639546858908,3884,0.6322516741650062,25.976190476190474,126,2.047886873219275,220.5,4,4.684483090856538,3414.0,1,280.7446767511321,41516
2.6004630820684334,3887,0.6296225168522498,26.299212598425196,127,2.104037800103961,220.5,4,4.658450704225352,3442.0,1,283.78279199003543,41748
2.605087358684481,3892,0.628491427442582,26.77952755905512,127,2.1671625476692156,220.5,4,4.62763527340218,3484.0,1,288.82729738733167,42026
2.6117797695262484,3905,0.6285107326081404,27.069767441860463,129,2.230372042541096,220.5,4,4.588764097966117,3525.0,1,293.18165730734745,42382
2.613415258576549,3906,0.6254159546030901,27.328244274809162,131,2.2935838921562453,220.5,4,4.559288259564891,3562.0,1,297.4457051762941,42656
2.6076726342710996,3910,0.6197051598691995,27.296296296296298,135,2.344463263375253,220.5,4,4.532933992168562,3591.0,1,300.5612763378706,42904
2.6135957066189626,3913,0.6191337740107508,27.77037037037037,135,2.4115426322273352,220.5,4,4.504794774390809,3632.0,1,305.555081997591,43172
2.61393212554223,3919,0.6167569719470841,28.044117647058822,136,2.463613983459608,220.5,4,4.479477611940299,3665.0,1,309.3842131932928,43416
2.613306143257711,3923,0.6131646125481315,28.246376811594203,138,2.519896938060013,220.5,4,4.450977250881128,3704.0,1,313.99313406875086,43694
2.611944091486658,3935,0.6083566300829376,28.04861111111111,144,2.5672665944021436,220.5,4,4.407201776649746,3768.0,1,321.7418419144307,44128
2.613255459624175,3938,0.6056166269196142,28.28767123287671,146,2.6309075843755534,220.5,4,4.379610863396838,3808.0,1,326.5519073999009,44406
2.6162230671736375,3945,0.6044781346832128,28.71917808219178,146,2.695758085933068,220.5,4,4.353727333781061,3844.0,1,330.7888068054623,44670
2.616455696202532,3950,0.6016078495206275,29.06122448979592,147,2.7620706376347814,220.5,4,4.326799857613242,3882.0,1,335.27462845955324,44948
2.618204804045512,3955,0.599865270065742,29.45578231292517,147,2.8220094126685105,220.5,4,4.30305779272502,3916.0,1,339.30117709531817,45196
2.6206112654710787,3959,0.5976095014784254,29.83783783783784,148,2.896164319761999,220.5,4,4.274683488658344,3952.0,1,343.2896078776156,45496
2.625630676084763,3964,0.5970367053371103,30.33108108108108,148,2.9746618669267884,220.5,4,4.248907629118238,3990.0,1,347.8130734947129,45772
2.634916687391196,4021,0.6002868942267605,30.553333333333335,150,3.010921744864462,220.5,4,4.181847503547929,4061.0,1,354.6149099040984,46506
2.637875403325887,4029,0.5991481404203182,31.013333333333332,150,3.083305408331909,220.5,4,4.156287399555479,4103.0,1,359.7753675842024,46792
2.6378498885310875,4037,0.5962739007210263,31.065359477124183,153,3.1342316619565116,220.5,4,4.128231797919763,4149.0,1,365.4043939715559,47110
2.640582572204394,4051,0.5952858119045396,31.396103896103895,154,3.1991604286124833,220.5,4,4.098651211801897,4193.0,1,370.52158061116967,47450
2.6486952240275725,4062,0.5959785828030921,31.774193548387096,155,3.2727100390205464,220.5,4,4.0672787351514135,4239.0,1,375.79724360046845,47816
2.6478977133021884,4067,0.593374614502898,32.07692307692308,156,3.3401224212777403,220.5,4,4.046966039620443,4269.0,1,379.23175045779925,48056
2.6494718742323755,4071,0.5909997856531084,32.265822784810126,158,3.401810906170369,220.5,4,4.022025065144559,4313.0,1,384.7038300864458,48354
2.6550036701737216,4087,0.5915940043750267,32.68354430379747,158,3.46580604511089,220.5,4,3.9936137007679986,4353.0,1,389.10446014210027,48698
2.655837811431363,4094,0.5900233853069595,32.9496855345912,159,3.5271015184447565,220.5,4,3.973703567488047,4381.0,1,392.1613542560582,48942
2.65380859375,4096,0.5861761239954177,33.130434782608695,161,3.5909481250596356,220.5,4,3.9519019751280178,4417.0,1,396.4457652605056,49212
2.6517813567593946,4098,0.582654130856572,33.31901840490798,163,3.658772877129185,220.5,4,3.9322455416717212,4445.0,1,399.4909822475636,49458
2.6490243902439023,4100,0.578126711056525,33.23353293413174,167,3.7062674875302646,220.5,4,3.907909014186392,4493.0,1,405.639372262187,49766
2.6307317073170733,4100,0.5666627829836233,32.29775280898876,178,3.7081076187018494,220.5,4,3.883871869632943,4537.0,1,411.07898310500457,50074
2.6306042884990255,4104,0.5642534351632257,32.53631284916201,179,3.764831241228632,220.5,4,3.8639632837955973,4573.0,1,415.4877413971231,50332
2.6415186176685324,4109,0.565793958956748,32.944134078212294,179,3.8337521936144356,220.5,4,3.8378853060741207,4616.0,1,420.48103563957847,50674
2.6248477466504263,4105,0.5551512281662612,32.17460317460318,189,3.84041459397719,220.5,4,3.8173948887056883,4657.0,1,425.6987594708122,50946
2.624817518248175,4110,0.552841300016816,32.44210526315789,190,3.9042002507244287,220.5,4,3.7969738383443965,4696.0,1,430.5430691136275,51220
2.6263976665046185,4114,0.5510549300280089,32.88421052631579,190,3.989680130654026,220.5,4,3.7764767563788886,4734.0,1,435.1772107654666,51498
2.629145485354636,4131,0.5510236794495909,33.35263157894737,190,4.0784922680674125,220.5,4,3.7528655783258076,4773.0,1,439.6111497047586,51822
2.635486981677917,4148,0.5513250350894214,33.805263157894736,190,4.154984983412261,220.5,4,3.721554594511845,4843.0,1,448.8240843507214,52258
2.639121089085264,4187,0.553973785843854,34.10526315789474,190,4.1982087546665765,220.5,4,3.694407507313552,4881.0,1,452.5694502488507,52642
2.638988308279647,4191,0.5512637534388414,34.424083769633505,191,4.274890469258118,220.5,4,3.673195331092056,4929.0,1,458.8645223435198,52946
2.6419047619047618,4200,0.5504464330421969,34.8586387434555,191,4.357984391503806,220.5,4,3.651813880126183,4975.0,1,464.7481035000751,53256
2.64075130765573,4206,0.5480348425659977,35.098958333333336,192,4.419504488197559,220.5,4,3.633800448430493,5010.0,1,468.9854260089686,53520
2.6459420977693404,4214,0.5475548327789188,35.41968911917098,193,4.493856622469429,220.5,4,3.609521158129176,5059.0,1,475.00892724573123,53880
2.6459024159166273,4222,0.5459837425780376,35.865284974093264,193,4.585848651371981,220.5,4,3.59245234224915,5094.0,1,479.32680656125314,54136
2.646153846153846,4225,0.5437835453275495,36.06701030927835,194,4.638645524851493,220.5,4,3.5747555326814204,5135.0,1,484.6743805602529,54404
2.652091704088868,4231,0.5439231066599867,36.0880829015544,193,4.594120072549466,196.6,5,3.5322744553297265,5175.0,1,489.4835685041673,54712
2.6545626031596323,4241,0.5432068086805865,36.391752577319586,194,4.67001914344693,196.8,5,3.519906936164025,5212.0,1,493.7644321651883,55016
2.6537010843941538,4242,0.5401155909999455,36.205128205128204,195,4.621541280252497,181.16666666666666,6,3.5605729128998815,5249.0,1,498.1558002458957,55308
2.654652532391048,4245,0.5385288818634514,36.51794871794872,195,4.681265757344965,181.5,6,3.558118811881188,5286.0,1,503.0026282628263,55550
2.6578578110383537,4276,0.5345535857303548,36.527638190954775,199,4.698793126814792,182.16666666666666,6,3.5235394398433257,5406.0,1,517.1805054151624,56508
2.6610683461628177,4287,0.5342555294256701,36.88944723618091,199,4.7658553405512665,182.5,6,3.5169036640737743,5449.0,1,522.537063109359,56822
2.665501979967389,4293,0.534211488664124,37.22613065326633,199,4.829956141925826,182.83333333333334,6,3.5128234318808094,5485.0,1,526.9235147821213,57096
2.671245634458673,4295,0.5335143994872286,37.5,200,4.896072696887403,183.33333333333334,6,3.510665459694079,5539.0,1,534.0944398022422,57444
2.6723295322317897,4297,0.5318813051377551,37.89,200,4.976781294415363,183.66666666666666,6,3.5081753157462936,5574.0,1,538.5217873609041,57694
2.7393951694743253,4927,0.5283756802674484,36.22077922077922,231,4.3309028772759195,196.83333333333334,6,3.321998494722,6357.0,1,577.5044157997028,69976
2.7411383431233545,4937,0.5279943237423261,36.515151515151516,231,4.383917888785662,197.16666666666666,6,3.3198805355499252,6390.0,1,581.1736741723363,70258
2.741205014152851,4946,0.5271368657364739,36.78787878787879,231,4.434122800683563,197.5,6,3.319492511063202,6425.0,1,585.50755985476,70504
2.7401495251565975,4949,0.5250101403069968,36.862660944206006,233,4.473330623213221,198.0,6,3.3234055780044645,6459.0,1,589.4300630139309,70778
2.739446576449202,4951,0.5231788267253447,37.034188034188034,234,4.519111683013792,198.33333333333334,6,3.3233358679020344,6492.0,1,593.4560815567884,71018
2.7420787083753786,4955,0.5225626039426653,36.775862068965516,232,4.400971375286325,174.25,8,3.406986366696589,6531.0,1,598.2658353904848,71296
2.734772085518354,4958,0.517627655194921,30.568807339449542,218,2.8436893755945576,122.07142857142857,28,5.824447803578408,6580.0,1,604.3944385504495,71636
2.731722054380665,4965,0.5151605425968431,29.027906976744188,215,2.518953941071475,119.60606060606061,33,6.564031162571207,6621.0,1,609.5333843159066,71920
2.7260466988727856,4968,0.510126159879983,28.34361233480176,227,2.5197977361702666,120.51515151515152,33,6.622571679320146,6678.0,1,616.2007958879125,72372
2.723104765734969,4973,0.5077419829484903,27.133333333333333,225,2.2807870242881534,119.21621621621621,37,7.240495810565205,6712.0,1,620.2971856584237,72628
2.7214859437751002,4980,0.50576320474967,27.145374449339208,227,2.2936292967972274,120.08108108108108,37,7.3157119795310885,6761.0,1,626.7979514041247,72928
2.723246492985972,4990,0.50527302830675,27.24561403508772,228,2.3108923318673527,121.02702702702703,37,7.399768255420906,6796.0,1,630.606444565811,73240
2.723668402082499,4994,0.5041688795232322,27.390350877192983,228,2.3278182579144575,121.89189189189189,37,7.481184949136284,6830.0,1,634.8343812090036,73482
2.7242897158863544,4998,0.5029821659097007,27.62719298245614,228,2.3597072272670614,122.67567567567568,37,7.550372781524813,6863.0,1,638.6718148288767,73748
2.7241448289657932,4999,0.5014111356318246,27.694323144104803,229,2.3739274643839736,123.5945945945946,37,7.639257171371355,6896.0,1,642.7542508042062,73986
2.723127667830811,5154,0.48000674208140254,27.36328125,256,2.4073721478517243,129.3846153846154,39,8.199678094380564,7504.0,1,707.2167993770566,79622
2.7234166182452064,5163,0.47940560691486833,27.49609375,256,2.4230076354722203,130.23076923076923,39,8.28065395882567,7537.0,1,711.1641378101605,79878
2.722963822789708,5169,0.4782226024527107,27.296875,256,2.3801572521274736,130.275,40,8.470752227296549,7574.0,1,715.7979087120361,80142
2.7243180499129425,5169,0.4767708942767635,27.28957528957529,259,2.3970710380374087,131.15,40,8.55035542962245,7612.0,1,720.0872915268561,80466
2.723285024154589,5175,0.47388817905628766,27.21590909090909,264,2.4145096411589595,133.625,40,8.818906813355065,7699.0,1,731.8936262162296,80988
2.724483889639205,5183,0.473273920600261,27.431818181818183,264,2.4438581285856475,134.475,40,8.898278078484438,7744.0,1,737.7234100135317,81290
2.726378711916699,5186,0.4724515713279513,27.581132075471697,265,2.470713971218044,135.3,40,8.974453377782137,7785.0,1,742.7961687420335,81592
2.727850539291217,5192,0.4719011504578174,27.69924812030075,266,2.49283083120039,136.125,40,9.053384939538292,7824.0,1,747.7094906559179,81870
2.7279029462738302,5193,0.47044719068095586,27.808988764044944,267,2.513716997066467,136.95,40,9.13311217160527,7860.0,1,752.1073263373183,82142
2.7298961138899576,5198,0.46999788711597307,27.721804511278197,266,2.480230362365511,136.90243902439025,41,9.3233849823332,7898.0,1,756.8357680174715,82420
2.729859642376466,5201,0.4685624314231614,27.846441947565545,267,2.5029412688912913,137.70731707317074,41,9.399350953784205,7945.0,1,763.111112454363,82718
2.73142637742369,5209,0.4681241959332224,27.725563909774436,266,2.4630325210747848,137.66666666666666,42,9.588145542733704,7983.0,1,767.6442337806259,83018
2.73159509202454,5216,0.4673475212080699,27.295454545454547,264,2.361860821039716,136.77272727272728,44,9.883742077466712,8020.0,1,772.3576454765964,83278
2.7327586206896552,5220,0.4663572403892563,26.96564885496183,262,2.2791279956969173,136.06521739130434,46,10.188206671278548,8064.0,1,777.9410934322287,83590
2.850439367311072,5690,0.5099075298173326,26.655797101449274,276,2.1629574402241447,132.4,45,8.700496327178877,5221.5,2,601.4175600555886,90666
2.8509294984216065,5702,0.5094392772099288,26.71119133574007,277,2.1724937859246887,133.17777777777778,45,8.773407446491472,5242.5,2,604.2256133755441,90972
2.8528486543166727,5722,0.5101426412350514,26.794223826714802,277,2.1784542244531293,133.93333333333334,45,8.842522565945142,5262.5,2,606.7370574445711,91288
2.8526591107236268,5735,0.5100157700198734,26.855595667870038,277,2.1832314402693287,134.7111111111111,45,8.924209948588677,5276.0,2,608.4011103097065,91506
2.8573910022581206,5757,0.5106807977569597,26.747330960854093,281,2.184143537752106,135.46666666666667,45,8.97204319767063,5317.5,2,614.4109482627496,92042
2.8641528925619837,5808,0.5150942006072412,26.82562277580071,281,2.1861180185948426,136.26666666666668,45,9.033570455577419,5345.5,2,617.8375802720059,92498
2.8653152379316267,5821,0.5149737382110472,26.92170818505338,281,2.1945941081003513,137.0,45,9.101150837266438,5371.5,2,621.8187592939807,92802
2.8645404663923184,5832,0.5137965753870525,26.897526501766784,283,2.1982389062856855,137.7111111111111,45,9.162505427910196,5394.0,2,624.763495812755,93140
2.8627652292950034,5844,0.5130700420588058,26.887323943661972,284,2.1994215798282,138.33333333333334,45,9.224889660196256,5408.5,2,626.7273482024253,93348
2.865959993161224,5849,0.5130947471522728,26.91578947368421,285,2.2051330854048996,139.0222222222222,45,9.288736994000152,5431.5,2,630.1519192156528,93632
2.8710059171597635,5915,0.5162800466475402,26.686006825938566,293,2.2095163642256517,140.06666666666666,45,9.34855563556271,5474.5,2,634.7187566182388,94436
2.8724481187784714,5927,0.5162946497276549,26.79863481228669,293,2.2215253436029885,140.84444444444443,45,9.424325262762762,5497.0,2,638.0280616554054,94720
2.869983136593592,5930,0.5142473626759422,26.636363636363637,297,2.2185284867372,141.57777777777778,45,9.496452193281067,5516.0,2,640.6741487860858,94982
2.8695066509513385,5939,0.5135160384911552,26.59531772575251,299,2.2207914160998,142.35555555555555,45,9.576075699767815,5534.0,2,643.1829465504568,95230
2.871954293396068,5951,0.5137808870837401,26.571428571428573,301,2.2244838146278445,143.0222222222222,45,9.635017398909543,5553.5,2,645.6490171244347,95536
2.8715149479341617,5954,0.5127555309342465,26.566225165562916,302,2.2261068295627107,143.75555555555556,45,9.712726264166534,5569.5,2,647.9504156831617,95746
2.8718378287820405,5969,0.5122262877281989,26.617161716171616,303,2.2336060394652275,144.53333333333333,45,9.781129562575435,5596.5,2,651.783665251592,96108
2.87257525083612,5980,0.5117618143044416,26.648026315789473,304,2.238863134805444,145.26666666666668,45,9.8484598950447,5615.5,2,654.0797795109,96422
2.8701041150223103,6051,0.49813217706260454,26.64724919093851,309,2.1927311504455917,145.93333333333334,45,9.577312519987208,6034.5,2,727.8379886872401,100064
2.867093806472811,6087,0.4979154670079558,26.552715654952078,313,2.1959919178472584,146.53333333333333,45,9.615101699637782,6062.0,2,731.3585957091112,100492
2.997977463160936,6922,0.5714839461669216,26.15432098765432,324,2.0358586497775453,147.59574468085106,47,9.40505291787059,6225.5,2,712.0232629703116,108864
3.0001441545336602,6937,0.5719218874837831,26.23148148148148,324,2.042073764001604,148.10638297872342,47,9.44335218930234,6249.0,2,715.371810137945,109174
2.9994339088593263,7066,0.5740266042798217,26.127659574468087,329,2.0280409024608796,148.72340425531914,47,9.387204685984619,6299.0,2,716.5607346673409,110744
2.9988721274495984,7093,0.5745825814100453,26.12727272727273,330,2.0291245154348436,149.2340425531915,47,9.428449210651292,6319.5,2,719.452345565584,111018
3.0016899028305875,7101,0.5748519342213295,26.141993957703928,331,2.0324049749866315,149.80851063829786,47,9.477104433102024,6337.0,2,721.6095058400718,111300
3.0061919504643964,7106,0.5755666413843765,25.876506024096386,332,1.9924450432270246,149.29166666666666,48,9.588471179068002,6356.5,2,724.2743336261136,111574
3.0061702426027206,7131,0.5756124860719793,25.844776119402987,335,1.9986786920021353,149.97916666666666,48,9.643967458942203,6384.0,2,728.0620243667155,111956
3.0064371676462356,7146,0.5749025020891119,25.772861356932154,339,2.0042500193637403,150.60416666666666,48,9.690409620234385,6413.0,2,732.115157988429,112350
3.0064308681672025,7153,0.5739205324356043,25.742690058479532,342,2.011847488503123,151.27083333333334,48,9.75018216128727,6434.0,2,734.942229165927,112652
3.008802570909599,7157,0.5736100940379916,25.79008746355685,343,2.0197524098537802,151.89583333333334,48,9.804633043834954,6455.0,2,737.7698000956142,112954
3.001948232674645,7186,0.5709577435660151,25.556818181818183,352,2.0270599220916625,152.60416666666666,48,9.855629702286485,6483.5,2,741.2409143008288,113420
3.0043103448275863,7192,0.5708844902793969,25.65909090909091,352,2.038140756067375,153.20833333333334,48,9.908661513115467,6504.0,2,744.0464347275478,113708
2.99833171138607,7193,0.567237017714591,25.484679665738163,359,2.0452573180863025,153.85416666666666,48,9.966780884502922,6521.5,2,746.1396885964913,114000
2.99875,7200,0.5667245352134866,25.590529247910865,359,2.0578417817740413,154.45833333333334,48,10.023581423711407,6537.0,2,748.0764140538837,114246
3.001526717557252,7205,0.5666708872603026,25.715877437325904,359,2.072572026586171,155.14583333333334,48,10.086348263028018,6558.0,2,750.9055417816112,114548
3.001803551609323,7208,0.5657371866119446,25.780555555555555,360,2.0841187404065216,155.75,48,10.14221382157727,6576.5,2,753.4510783408533,114806
3.0030496257277517,7214,0.5650344545055238,25.883656509695292,361,2.1005461735851383,156.41666666666666,48,10.199551270916565,6600.5,2,756.7587328469689,115140
3.00332502078138,7218,0.5637866279918493,25.691460055096417,363,2.074805650102435,155.89795918367346,49,10.312647300000707,6625.0,2,760.142448908902,115480
3.0011068068622024,7228,0.5624579569599185,25.70958904109589,365,2.084453211121666,156.53061224489795,49,10.372982978679886,6640.5,2,761.9747412348154,115742
3.0033176665745094,7234,0.5622292653891034,25.6510989010989,364,2.063696064309992,156.04,50,10.489971048459363,6663.5,2,765.1863281519267,116056
3.0026224982746723,7245,0.5612952413593237,25.688524590163933,366,2.075443476065731,156.68,50,10.547478087512461,6680.5,2,767.0071881552263,116372
3.008675296061691,7262,0.5627261769902916,25.87431693989071,366,2.0975344674687553,157.32,50,10.593222962214726,6708.0,2,770.3823725795683,116818
3.0064675932296683,7267,0.5610388286175182,25.904891304347824,368,2.109288925368966,157.94,50,10.653172927450075,6725.0,2,772.5725584652967,117078
3.004675467546755,7272,0.5595799577741689,25.93243243243243,370,2.1208080971428624,158.46,50,10.700952746241178,6737.0,2,773.7064709692817,117324
3.004670971287265,7279,0.5588023708590456,25.850948509485097,369,2.096872430544033,157.94117647058823,51,10.818164765906362,6756.0,2,776.250612244898,117600
3.005217630097487,7283,0.5581264172248087,25.959349593495936,369,2.110009416683051,158.58823529411765,51,10.883849359854253,6772.5,2,778.3921298260501,117850
3.0060348374708545,7291,0.557538974450348,26.08130081300813,369,2.1241489999356022,159.2549019607843,51,10.94601172674066,6797.0,2,781.9241926748358,118168
3.008085514595039,7297,0.5573255878634706,26.21409214092141,369,2.1403277844480786,159.9607843137255,51,11.014924019442336,6819.0,2,784.9746944425688,118472
3.0088980150581794,7305,0.5569780897000066,26.319783197831978,369,2.1527516794453776,160.5686274509804,51,11.073745074920653,6835.0,2,786.8826848576722,118740
3.008207934336525,7310,0.5557370494998,26.394594594594594,370,2.1655488508200382,161.2549019607843,51,11.14120836183119,6855.0,2,789.5528093285839,119032
3.0073820915926177,7315,0.5546469595827199,26.45822102425876,371,2.1773100515930652,161.8235294117647,51,11.196405058896515,6872.0,2,791.810734226455,119282
3.009427517420413,7319,0.554098125010048,26.5201072386059,373,2.1929389507831742,162.52941176470588,51,11.261630171177709,6894.0,2,794.5838098104123,119628
3.0109215017064845,7325,0.5537699199450992,26.640750670241285,373,2.2076214967993235,163.15686274509804,51,11.321493836535247,6914.5,2,797.3966818439575,119916
3.0125289391256977,7343,0.5537932144065647,26.648936170212767,376,2.219009925918958,163.8235294117647,51,11.374554059827597,6943.5,2,801.3062351455117,120334
3.0164134563212155,7372,0.5553107544350929,26.795212765957448,376,2.23496786668616,164.4313725490196,51,11.415858019671154,6974.0,2,805.3096448381489,120790
3.0174442190669373,7395,0.5554650401288579,26.757894736842104,380,2.244540932584894,165.0392156862745,51,11.459997677133154,6998.0,2,808.0122096092925,121216
3.018648648648649,7400,0.5548745392968757,26.878947368421052,380,2.259155133315663,165.66666666666666,51,11.518034846340365,7020.5,2,811.1553314571607,121524
3.020375118067737,7411,0.5548012197835895,26.99736842105263,380,2.2728212919052924,166.3921568627451,51,11.587098663525808,7045.0,2,814.5745117347776,121860
3.0188628402047963,7422,0.553805046730982,27.01832460732984,382,2.2831234200023847,167.01960784313727,51,11.648078563656219,7065.5,2,817.4571427401792,122138
3.0171066810344827,7424,0.5519001433114853,26.968911917098445,386,2.292742940440954,167.72549019607843,51,11.71681374550637,7087.0,2,820.3441241322989,122450
3.0153514678157824,7426,0.5503280631455783,26.97938144329897,388,2.3019004397135348,168.33333333333334,51,11.778805661966475,7102.5,2,822.3246597114679,122690
3.0195049771320956,7434,0.5504387686922114,27.074358974358976,390,2.3216456309304867,169.0,51,11.829286317567568,7135.0,2,826.8617626039501,123136
3.018423883808499,7436,0.5490689862229857,27.15089514066496,391,2.3359962298870167,169.58823529411765,51,11.887449728165004,7151.0,2,828.8780270366648,123388
3.0181451612903225,7440,0.5481167979293644,27.209183673469386,392,2.347129329385702,170.2549019607843,51,11.95609493008662,7168.5,2,831.2018544878119,123646
3.008468880225837,7439,0.5430939837341235,26.905707196029777,403,2.353223927005266,170.90196078431373,51,12.015273284689359,7191.5,2,834.3309443915659,123974
3.000269034167339,7434,0.5385667879637216,26.67233009708738,412,2.3589337430133375,171.54901960784315,51,12.079341761492932,7212.5,2,837.3331012780478,124252
3.00067186240258,7442,0.5378281030525084,26.82766990291262,412,2.3800163370807703,172.23529411764707,51,12.143148114049376,7239.0,2,841.2091018540814,124590
2.999865717738687,7447,0.5366082163046062,26.912832929782084,413,2.3951968773683068,172.92156862745097,51,12.210707932784771,7260.5,2,844.18064296581,124890
2.998523886205046,7452,0.5353480155745769,27.002415458937197,414,2.4118700055567364,173.54901960784315,51,12.273341849763653,7279.0,2,846.6847933778645,125156
2.9977205685170287,7458,0.5342455738659462,27.079518072289158,415,2.4258627008512335,174.23529411764707,51,12.341805557118581,7297.5,2,849.0132365601684,125448
2.997989815062986,7462,0.5335053944951482,27.212048192771086,415,2.444521288667461,174.86274509803923,51,12.404750228970295,7314.5,2,851.1822300178185,125712
2.9991964644435516,7467,0.5327501254894932,27.33173076923077,416,2.464876573226894,175.52941176470588,51,12.463429154776856,7342.0,2,855.1185634061994,126076
2.9990629183400266,7470,0.5319041654229996,27.257831325301204,415,2.441025586242497,174.6346153846154,52,12.554679868802783,7355.5,2,856.635426232623,126316
2.9985286249331193,7476,0.5310318864364492,27.387951807228916,415,2.4592468023460565,175.26923076923077,52,12.61971693182785,7374.0,2,859.1543055775004,126580
2.998796952279107,7481,0.53030072699019,27.32125603864734,414,2.4359597598425067,174.54716981132074,53,12.728286389340608,7392.0,2,861.4346928158157,126862
2.9993319080705505,7484,0.5296339097567586,27.417874396135264,414,2.4482787038069462,175.18867924528303,53,12.796196343495437,7409.5,2,863.775236394531,127118
2.9981300921597436,7487,0.5280840095630083,27.28674698795181,415,2.42463216330482,174.53703703703704,54,12.908125973588152,7432.5,2,866.9500353107345,127440
2.9967952997730003,7489,0.5264247343717651,27.35251798561151,417,2.4419062017179196,175.24074074074073,54,12.97962719454634,7455.5,2,870.1253933094347,127762
2.9958661154820643,7499,0.5256734680122782,27.47242206235012,417,2.4580904366450294,175.90740740740742,54,13.050583140389914,7475.0,2,872.811162485551,128036
2.9949367088607595,7505,0.5245877030412339,27.545454545454547,418,2.4715436211181356,176.57407407407408,54,13.120178581530316,7494.0,2,875.2849973504567,128324
2.995338305807139,7508,0.5239174573342724,27.63397129186603,418,2.482617032933132,177.25925925925927,54,13.196490967299995,7510.0,2,877.3173425420381,128574
2.9857371367635297,7502,0.5185671116911922,27.259860788863108,431,2.483415042789205,177.90740740740742,54,13.252767884271538,7537.0,2,880.9510878836282,128966
2.984279243272049,7506,0.5171660945496132,27.368055555555557,432,2.5033074999871063,178.61111111111111,54,13.327640584464147,7556.0,2,883.3981030187687,129258
2.9837593184238553,7512,0.5164163374347688,27.46527777777778,432,2.5163355636376736,179.24074074074073,54,13.396274475148488,7571.5,2,885.3411825117371,129504
2.9839074344992684,7519,0.5157382226089731,27.26511627906977,430,2.462530993897248,177.125,56,13.534627103106127,7591.5,2,887.9402232528041,129808
2.984181842350126,7523,0.5151154281994212,27.002336448598133,428,2.3994371921484925,175.06896551724137,58,13.668134800335764,7610.0,2,890.5580587122669,130058
2.984458023379384,7528,0.5143114964199722,27.130841121495326,428,2.4164953141993966,175.81034482758622,58,13.750944115353732,7634.5,2,894.1427645506703,130372
2.9828776214494295,7534,0.5130195214274029,27.193473193473192,429,2.427862322831175,176.44827586206895,58,13.819751543419203,7657.0,2,897.3971652916597,130666
2.975831600831601,7696,0.5090717927204675,27.382488479262673,434,2.430708215718707,177.08620689655172,58,13.586097814652984,7701.5,2,886.0901468523111,133876
2.9753278794961693,7701,0.5081142409100077,27.46896551724138,435,2.4463491761609695,177.67241379310346,58,13.646226609062616,7722.5,2,888.9767645524335,134170
2.974964327409521,7709,0.5075720271150868,27.55632183908046,435,2.4573547826592583,178.31034482758622,58,13.718833404306626,7738.5,2,891.0040507364976,134420
2.975887995851698,7714,0.5071753046324433,27.648275862068967,435,2.468713352980812,178.93103448275863,58,13.786202083670407,7758.0,2,893.6652016392469,134696
2.975530813050233,7724,0.5062600840699243,27.519450800915333,437,2.449985307678357,178.28813559322035,59,13.883514445337534,7783.0,2,896.8639641106884,135082
2.974133471288153,7732,0.5052463196500034,27.598173515981735,438,2.464479422167954,178.88135593220338,59,13.94673574242036,7803.0,2,899.5879172022517,135366
2.974537934599974,7737,0.5046517952590034,27.707762557077626,438,2.4788898370268635,179.5084745762712,59,14.01529122180087,7820.5,2,901.7356468853668,135650
2.973143963847644,7745,0.5037495478898628,27.75854214123007,439,2.488967334282737,180.11864406779662,59,14.08415250620631,7839.0,2,904.3003399408415,135906
2.969161868202175,7815,0.5044548968322639,27.778280542986426,442,2.497230322361083,180.76271186440678,59,14.115469204207901,7879.5,2,909.186390727507,136576
2.96845466155811,7830,0.5038910922585568,27.923076923076923,442,2.5168822238626367,181.4406779661017,59,14.1851982649542,7904.5,2,912.6260936564275,136926
2.9663308251498535,7841,0.5029662229151329,27.959367945823928,443,2.5245653795688336,182.05084745762713,59,14.254947384652871,7919.5,2,914.4368502777494,137174
2.9662420382165604,7850,0.5024511571020238,28.054176072234764,443,2.536353519654118,182.66101694915255,59,14.320387735414487,7939.0,2,917.0069399988361,137464
2.966267820773931,7856,0.5017999203447906,28.117117117117118,444,2.5481966612710716,183.27118644067798,59,14.386289212218156,7960.5,2,920.0662105263158,137750
2.9654076052397302,7863,0.5007198865332377,28.179372197309416,446,2.5646922280815754,183.89830508474577,59,14.449247665793987,7981.5,2,922.6496089506843,138090
2.9664761904761905,7875,0.5007214616019818,28.289237668161434,446,2.5789401131444567,184.3728813559322,59,14.491388752816695,8000.5,2,924.9711018786127,138400
2.9679178290641643,7886,0.5006422831657424,28.34228187919463,447,2.5878801378559766,185.03389830508473,59,14.558667155290884,8023.5,2,927.9503027027027,138750
2.9741804834831034,7901,0.5020491859878561,28.2662192393736,447,2.565503053584408,184.25,60,14.631734429997845,8056.0,2,932.3918684002587,139210
2.980533434458349,7911,0.5035250469370176,28.348993288590606,447,2.5738575283940914,184.86666666666667,60,14.691636335845777,8078.5,2,935.1755688820107,139572
2.980315457413249,7925,0.5030879844814432,28.421875,448,2.586447501250715,185.46666666666667,60,14.750379264341529,8105.0,2,938.9797741566609,139920
2.981086874290758,7931,0.5026589807931676,28.522321428571427,448,2.5992256572928274,186.08333333333334,60,14.81707353311748,8125.0,2,941.6141294270351,140218
2.9812295288485764,7938,0.5021694957734358,28.627232142857142,448,2.6132751489917068,186.68333333333334,60,14.883694563866031,8145.5,2,944.5259552145318,140492
2.9797280282044825,7942,0.5009324831457368,28.635555555555555,450,2.6213185446187266,187.35,60,14.960796132643784,8163.0,2,946.7289298704251,140768
2.980369950924877,7947,0.5005180473336622,28.72888888888889,450,2.633457716263848,188.0,60,15.036374207637875,8183.0,2,949.5793780223208,141034
2.9797560668929965,7953,0.499704620083434,28.622222222222224,450,2.6087962962962963,187.21311475409837,61,15.129456595984797,8201.0,2,951.885204370471,141312
2.980143270076662,7957,0.49889964816536686,28.663716814159294,452,2.6217603852101536,187.81967213114754,61,15.191531003660888,8223.0,2,954.7290325313453,141648
2.978771511116694,7961,0.49779137737217616,28.66740088105727,454,2.62928615449149,188.4262295081967,61,15.26222715333756,8238.5,2,956.6028054177472,141904
2.979281767955801,7964,0.497196562769295,28.598233995584987,453,2.6058555692437793,187.61290322580646,62,15.349378870713629,8255.5,2,958.7170865687599,142176
2.979420253482244,7969,0.4966676618579577,28.677704194260485,453,2.6156852853165624,188.2258064516129,62,15.42227874247225,8273.0,2,961.0690023169276,142430
2.9793103448275864,7975,0.49588386707789345,28.248337028824835,451,2.521042183277491,184.8153846153846,65,15.552757337092405,8297.0,2,964.472777964582,142752
2.9773211377020425,7981,0.49442382328657436,27.918141592920353,452,2.462080010909651,182.97014925373134,67,15.675666082196468,8320.5,2,967.6528094206443,143090
2.9768692173043263,7998,0.4943454126605849,27.83148558758315,451,2.436570138904848,182.33823529411765,68,15.768631546945505,8337.5,2,969.6863622414106,143374
2.982493171095108,8054,0.4971097882490431,27.70353982300885,452,2.407081181141265,181.91304347826087,69,15.84377053344572,8374.5,2,973.2614975228632,144118
2.8962707314734923,10431,0.5787292652292825,27.75764192139738,458,2.334005117643294,183.66666666666666,69,15.395045152300826,9343.5,2,1154.836132202762,151192
2.896333875753805,10447,0.5782653505896236,27.76086956521739,460,2.3391727218896885,184.2753623188406,69,15.460444150417402,9368.5,2,1158.266367319468,151552
2.8970166379804936,10458,0.5779345037261804,27.367614879649892,457,2.2538141785723393,181.33333333333334,72,15.588911569105155,9391.5,2,1161.5233061170738,151870
2.897230181470869,10470,0.57776230885622,27.39387308533917,457,2.2545486033669997,181.93055555555554,72,15.666800431407266,9409.0,2,1164.0012753760386,152112
2.8966603053435116,10480,0.5769260644367002,27.381263616557735,459,2.257789244924468,182.54166666666666,72,15.740562958443228,9433.5,2,1167.721952131638,152418
2.895976353928299,10488,0.5761563792715092,27.33188720173536,461,2.2557856938798784,183.13888888888889,72,15.81799083547672,9452.0,2,1170.4021065594172,152666
2.897484756097561,10496,0.5760872542000459,27.379609544468547,461,2.2593189832000653,183.75,72,15.89312565376569,9477.0,2,1174.34007583682,152960
2.8972015990862365,10506,0.57543244550073,27.393939393939394,462,2.262301448415641,184.375,72,15.971146003262643,9498.5,2,1177.4421174551387,153250
2.8965681148398135,10519,0.5749621095457549,27.390928725701944,463,2.263037681919973,184.94444444444446,72,16.043988991532284,9516.5,2,1179.9993778420567,153498
2.9001415762151956,10595,0.5775434892178949,27.101293103448278,464,2.2087336079733895,183.4189189189189,74,16.134864069622584,9559.5,2,1184.5289605692954,154296
2.898945187417593,10618,0.5770482411204436,27.02991452991453,468,2.211182511209672,184.02702702702703,74,16.206317119261065,9583.5,2,1187.8666319615097,154636
2.8999153419245602,10631,0.5771785225779711,27.07051282051282,468,2.2141356471075504,184.48648648648648,74,16.26021352352908,9599.5,2,1189.8511272224875,154894
2.898016730895761,10639,0.5755710631730102,26.980972515856237,473,2.2180570165379883,185.14864864864865,74,16.34064439020314,9625.5,2,1193.6388849523319,155240
2.898967136150235,10650,0.5755949436738074,27.019027484143763,473,2.2206562950002398,185.74324324324326,74,16.418691660096584,9644.0,2,1196.2588876884292,155496
2.896933320829035,10663,0.5742336191920281,26.947589098532493,477,2.2227489814454726,186.3783783783784,74,16.49510122561279,9670.5,2,1200.217796273005,155836
2.8952987450833487,10678,0.5733845109409826,26.734864300626306,479,2.193111730406896,185.81333333333333,75,16.587628040057226,9688.5,2,1202.5755204663378,156110
2.8961160505381374,10685,0.572909999257832,26.73180873180873,481,2.1972613736086215,186.45333333333335,75,16.66792439642865,9712.5,2,1206.0686089624753,156430
2.8970258136924802,10692,0.5725183081264568,26.79002079002079,481,2.2025048673595933,187.05333333333334,75,16.74240588327868,9735.0,2,1209.2820503005014,156738
2.8971220332648104,10702,0.572164623938643,26.796680497925312,482,2.2046086763096424,187.62666666666667,75,16.81794265525207,9751.5,2,1211.421629764574,156992
3.0425647037604833,11089,0.6229176459105,25.919291338582678,508,2.070944992263785,186.53846153846155,78,16.469863073804966,9883.0,2,1185.4034612910664,164794
3.0444524430846758,11113,0.6223668566354718,25.91764705882353,510,2.069941504172333,187.28205128205127,78,16.530411748064708,9912.5,2,1187.3893517903107,165502
3.0434431379588904,11141,0.6220029804755228,25.90253411306043,513,2.07462583206362,187.82051282051282,78,16.585117553436966,9939.5,2,1190.9594619844972,165906
3.0438172043010754,11160,0.6220096891793394,25.89902912621359,515,2.07811710713861,188.5,78,16.67297627355199,9959.5,2,1193.4408192362298,166228
3.0434860415175375,11176,0.6215544347481718,25.76356589147287,516,2.0564198866494565,187.9493670886076,79,16.75556104118621,9981.5,2,1196.387221408329,166552
3.0439481911567663,11195,0.6214867379454604,25.77369439071567,517,2.0576767348672664,188.58227848101265,79,16.833022484842342,10008.5,2,1200.331594808992,166904
3.0448094260465948,11203,0.6213521323562428,25.806576402321085,517,2.059845067182167,189.16455696202533,79,16.911800730108205,10026.0,2,1202.731325603934,167154
3.046018014804245,11213,0.6213003600814511,25.847195357833655,517,2.0626818248237155,189.79746835443038,79,16.995062648589602,10049.5,2,1206.240074649149,167450
3.0466939939404742,11222,0.6210217824223163,25.88394584139265,517,2.0650492043921713,190.41772151898735,79,17.077359299904174,10070.0,2,1209.1156235468063,167734
3.0466441160761972,11234,0.6207107571600071,25.884169884169886,518,2.065901648929412,191.0506329113924,79,17.164669761248426,10087.5,2,1211.4583581361017,167992
3.0462715785727,11238,0.6197985309516207,25.86346153846154,520,2.0672877024020804,191.67088607594937,79,17.24898998539163,10104.0,2,1213.5032628463432,168258
3.044738948679178,11243,0.6185314862866192,25.806883365200765,523,2.0670561918728767,192.27848101265823,79,17.33276833492937,10120.5,2,1215.663591639566,168508
3.045329304061861,11251,0.6182650412113314,25.704980842911876,522,2.043713976453738,191.725,80,17.424588187194104,10137.0,2,1217.7662443857175,168766
3.044860975393089,11257,0.6174605665028251,25.7151051625239,523,2.0461144531592197,192.35,80,17.511606635744034,10153.5,2,1219.8689209816357,169024
3.0347555555555554,11250,0.6113670070703255,25.246777163904234,543,2.0422728718606207,192.925,80,17.569890306363295,10187.5,2,1224.8059413944486,169472
3.036849582667377,11262,0.6115433093701467,25.290441176470587,544,2.048692811419602,193.575,80,17.65036358176615,10207.5,2,1226.969891896984,169838
3.0383250532292405,11272,0.6113781223442716,25.27787934186472,547,2.0535677888364483,194.125,80,17.71305082256169,10233.0,2,1230.4851821386603,170200
3.0364264823185323,11283,0.6099272463574439,25.22504537205082,551,2.0556227537033402,194.8,80,17.79900796210087,10258.0,2,1233.9094501577176,170558
3.0371911803772247,11293,0.609538807141778,25.301270417422867,551,2.0638780302935693,195.4375,80,17.879425364532135,10280.0,2,1236.6989655011,170904
3.0376006369990267,11303,0.6093160960875218,25.337568058076226,551,2.066659973235039,196.0625,80,17.966630322380876,10298.0,2,1239.1484657988829,171164
3.037397223941296,11311,0.6086344968663733,25.36231884057971,552,2.070948847901571,196.7,80,18.053070794498815,10318.5,2,1241.9825988311734,171454
3.0377308473977203,11317,0.6082538940639456,25.40036231884058,552,2.0743111425969114,197.2,80,18.1200256275846,10333.5,2,1243.8840031452035,171690
3.0385022960084775,11324,0.6078488528997994,25.471014492753625,552,2.08213155832112,197.8125,80,18.200111701880253,10351.0,2,1245.865661228619,171998
3.0395480225988702,11328,0.6075496482922775,25.514492753623188,552,2.0860440256239277,198.425,80,18.284929061545785,10370.0,2,1248.5272433850762,172262
3.0405858478913004,11334,0.6071728116563524,25.569620253164558,553,2.0950203987747384,199.0125,80,18.359686706880364,10388.0,2,1250.5712663259512,172578
3.041277121185394,11338,0.6066579374115765,25.593862815884478,554,2.0993114868707536,199.6375,80,18.444618384973158,10407.0,2,1253.0735028693077,172864
3.041435246407476,11343,0.6061050080051036,25.607207207207207,555,2.102229885330234,200.2375,80,18.528642716444466,10425.5,2,1255.701959957485,173116
3.042110827239891,11351,0.6056474578567431,25.642086330935253,556,2.107740880851354,200.875,80,18.611332922062196,10451.0,2,1259.4513681491646,173446
3.0416519901373724,11356,0.6046647025147047,25.655913978494624,558,2.1138753195136117,201.55,80,18.703624706478198,10471.5,2,1262.1703606289425,173752
3.042598134131315,11362,0.6044561150778082,25.698924731182796,558,2.117799810617436,202.1625,80,18.78936000103441,10490.0,2,1264.7415120796268,174012
3.042498900131984,11365,0.6036604407305868,25.719141323792485,559,2.1217155248695434,202.8,80,18.87940508159471,10505.5,2,1266.5602865569556,174276
3.043543279380718,11368,0.6032928129986792,25.76565295169946,559,2.1260782103680786,203.4,80,18.961688475376402,10527.5,2,1269.8885836560717,174548
3.042388532231114,11371,0.6021524513280665,25.626785714285713,560,2.104043673541777,202.7037037037037,81,19.040872071439832,10542.0,2,1271.6115611698476,174792
3.0166765932102444,11753,0.6009994640054686,25.621669626998223,563,2.076782857035408,203.320987654321,81,18.81556576430633,10582.0,2,1258.4424265581804,177964
3.0175050985724,11768,0.6009826805742533,25.663120567375888,564,2.0833455253244564,203.9506172839506,81,18.897238255526624,10601.5,2,1260.7468815551842,178294
3.0191099031764908,11774,0.6009446413952645,25.71099290780142,564,2.0877062488438534,204.5679012345679,81,18.980715864943445,10621.5,2,1263.439040574289,178586
3.018163299949075,11782,0.599961355407792,25.693121693121693,567,2.092356093339949,205.1851851851852,81,19.063200314038827,10641.0,2,1265.9416059210232,178888
3.019253604749788,11790,0.5997163726105295,25.756613756613756,567,2.098908484373743,205.79012345679013,81,19.141104211220423,10663.5,2,1269.0024356627905,179212
3.014758269720102,11790,0.5969392676671567,25.59304347826087,575,2.098084941374224,206.44444444444446,81,19.231040053478914,10686.0,2,1272.2477410729207,179510
3.0138182434723637,11796,0.5959742595043164,25.59098786828423,577,2.1018830062469958,207.0,81,19.30564578929803,10703.5,2,1274.5011931249305,179780
3.0089868588384907,11795,0.5931370461273057,25.43076923076923,585,2.101316073926407,207.64197530864197,81,19.396878479477742,10722.5,2,1277.1403557979627,180046
3.008641870710836,11803,0.5925015609517108,25.462457337883958,586,2.1069505653203557,208.23456790123456,81,19.478108123281515,10744.0,2,1280.3187222715173,180320
3.0077906681344735,11809,0.5914243777138164,25.461799660441425,589,2.113899675082984,208.85185185185185,81,19.559266476476587,10759.5,2,1281.7551152027813,180638
3.006181725802354,11809,0.5899492043272574,25.429054054054053,592,2.11618266700054,209.46913580246914,81,19.6469951085734,10775.5,2,1283.7365143507873,180896
3.0025395750444424,11813,0.587654373522554,25.21571906354515,598,2.098109675093792,208.73170731707316,82,19.714010850875294,10796.0,2,1286.2933827749084,181224
3.002454299255247,11816,0.586915229517535,25.245409015025043,599,2.1035058798664856,209.32926829268294,82,19.798206439235116,10812.5,2,1288.3513648285286,181488
3.0023682652457073,11823,0.5864408376699033,25.282136894824706,599,2.106798368670489,209.96341463414635,82,19.891599221689617,10828.0,2,1290.3130323773469,181732
3.0027895181741338,11830,0.5860240196357529,25.3338898163606,599,2.112085364043908,210.59756097560975,82,19.980272939719836,10848.5,2,1293.1540737281618,182020
3.0033798056611745,11835,0.5855821267112791,25.378964941569283,599,2.116282651375908,211.2560975609756,82,20.073883350239598,10868.5,2,1295.8903409651905,182306
3.0022800202668467,11842,0.58464639463087,25.367720465890184,601,2.118376674533673,211.85365853658536,82,20.158193787095286,10885.0,2,1297.9342396424424,182572
3.0027011057651727,11847,0.5842508994190285,25.419301164725457,601,2.124068305548018,212.3658536585366,82,20.227863823183807,10900.5,2,1299.8391923379863,182824
3.0037112010796223,11856,0.5840914036172435,25.43117744610282,603,2.129494507557153,212.9512195121951,82,20.304878315142577,10924.0,2,1303.2257557225232,183136
3.0042998060871766,11861,0.5836807402385339,25.492537313432837,603,2.136539651183059,213.47560975609755,82,20.37407476408828,10945.0,2,1306.2582463715964,183414
3.0028648466464443,11868,0.5826161376987727,25.502479338842974,605,2.1421682784323353,214.02439024390245,82,20.449080741610434,10963.5,2,1308.7654996134625,183682
3.003957894736842,11875,0.5823760109839817,25.583471074380164,605,2.1520704635285663,214.5487804878049,82,20.51389508218452,10984.5,2,1311.5134809782608,184000
3.0035359488129316,11878,0.5815567016718777,25.57660626029654,607,2.1550512455149073,215.109756097561,82,20.592882584936437,11000.5,2,1313.5237254008055,184254
3.0034497265460667,11885,0.5810901975002082,25.629324546952223,607,2.1610590893058848,215.64634146341464,82,20.668153149580277,11019.0,2,1316.1881951219511,184500
3.003951572221288,11894,0.5807362306096637,25.69851729818781,607,2.169051972980573,216.1829268292683,82,20.73584654789377,11040.0,2,1318.9650134730052,184814
3.0036965470889694,11903,0.5801728919626581,25.75782537067545,607,2.175684755813069,216.7560975609756,82,20.81351297149021,11062.0,2,1322.1666324512971,185102
3.0036953052826068,11907,0.5795658271746158,25.78453947368421,608,2.1807757168773256,217.3048780487805,82,20.890145674593057,11077.0,2,1323.9237475587781,185358
3.0038616521155137,11912,0.5790486991628003,25.845394736842106,608,2.18796550459933,217.85365853658536,82,20.965929448543605,11095.5,2,1326.4604438051524,185622
3.0042792414834705,11918,0.5787033335914721,25.893092105263158,608,2.1930241825991126,218.390243902439,82,21.040319391239834,11113.5,2,1328.9349169885625,185878
3.0050297594098416,11929,0.5784625807408688,25.991776315789473,608,2.205713892806471,218.9268292682927,82,21.105007190550907,11135.0,2,1331.631672215659,186220
3.004272788203753,11936,0.5776666983688221,25.784184514003297,607,2.1638905252164466,216.6904761904762,84,21.149432938780475,11152.0,2,1333.7526971666346,186492
3.006360364884091,11949,0.5777676431224318,25.883031301482703,607,2.17549729179869,217.22619047619048,84,21.20524228083932,11182.5,2,1337.9731251538074,186922
3.012204296581125,11963,0.5792082359169104,26.00164744645799,607,2.189859241883472,217.8095238095238,84,21.264677258615425,11209.5,2,1340.9983911591125,187402
3.0121971595655808,11970,0.5787969814398359,26.049423393739705,607,2.195079420081709,218.32142857142858,84,21.33719531970875,11226.0,2,1343.2145552215898,187644
3.0119365609348914,11980,0.5782681011397982,26.118616144975288,607,2.2032805169864758,218.89285714285714,84,21.415254678544823,11248.0,2,1346.36058316484,187940
3.0117617617617616,11988,0.5777325144694365,26.17298187808896,607,2.209194461194994,219.4404761904762,84,21.490751668910775,11268.0,2,1349.1570838070747,188218
3.013590128397532,11994,0.5778027307256007,26.235584843492585,607,2.2162429509787893,220.07142857142858,84,21.580116639108354,11285.5,2,1351.1973418983864,188518
3.0128365424689507,11997,0.5768382021311973,26.268092105263158,608,2.222239461682317,220.71428571428572,84,21.67556310924993,11304.0,2,1353.7064824722172,188786
3.013333333333333,12000,0.5764155301868095,26.30263157894737,608,2.225164172638395,221.29761904761904,84,21.761701283770066,11321.5,2,1356.1196636583895,189034
3.0132411725516324,12008,0.575881057586126,26.36513157894737,608,2.232326906311542,221.9047619047619,84,21.8477570825926,11343.5,2,1359.3098841140056,189324
3.0129016147827534,12014,0.5752550334435301,26.40953947368421,608,2.236805051792614,222.51190476190476,84,21.937578524885073,11360.0,2,1361.411948391725,189582
3.013313363288401,12018,0.5748215873268339,26.45394736842105,608,2.2412836571517287,223.0952380952381,84,22.022781088836716,11376.0,2,1363.3941845764855,189840
3.013808018632507,12022,0.5742337617327146,26.495894909688012,609,2.2483054283904385,223.72619047619048,84,22.110256087605425,11396.0,2,1365.8899453092133,190160
3.013304506901713,12026,0.5734488431945398,26.38423645320197,609,2.2263518082661973,222.85882352941175,85,22.170017299220916,11414.5,2,1368.4572024997374,190420
3.0138750415420406,12036,0.5730956823573006,26.463054187192117,609,2.235587631472722,223.48235294117646,85,22.25357909329965,11439.5,2,1371.9508539167994,190768
3.0131185652607106,12044,0.5722768000194229,26.496721311475408,610,2.2413880974573823,224.11764705882354,85,22.344672042322202,11462.5,2,1375.2816346717468,191072
3.0130258027047208,12053,0.5718551146156903,26.554098360655736,610,2.2479057887673592,224.71764705882353,85,22.432539177975734,11480.0,2,1377.5232042812945,191344
3.0131851728999086,12059,0.5714954402468477,26.59672131147541,610,2.252349966371109,225.25882352941176,85,22.512948606940427,11492.0,2,1378.7040818457042,191580
3.0138439857415236,12063,0.5711539284704018,26.639344262295083,610,2.2564889036931177,225.8470588235294,85,22.59977475336628,11510.5,2,1381.2576000041702,191842
3.0131285608124845,12111,0.5711181214026634,26.602272727272727,616,2.2642731017203817,226.45882352941177,85,22.64164785077157,11547.5,2,1385.212971235054,192526
3.012952726672717,12121,0.5707462787003735,26.63798701298701,616,2.267271453078531,227.0235294117647,85,22.72378491949096,11563.5,2,1387.1665482291428,192788
3.013358621258349,12127,0.5704133899167245,26.5609756097561,615,2.247490451003719,226.17441860465115,86,22.788729312290567,11580.0,2,1389.25448593096,193048
3.013846534245446,12133,0.5698826503353563,26.628246753246753,616,2.258607818009093,226.75581395348837,86,22.866004405215353,11603.0,2,1392.3408002647554,193386
3.014329243185374,12143,0.56972195520192,26.66883116883117,616,2.26226909998636,227.40697674418604,86,22.964743956925194,11619.0,2,1394.1936053536574,193662
3.014981890023049,12148,0.5694153906254019,26.704545454545453,616,2.265197611134289,227.98837209302326,86,23.05042031469039,11638.0,2,1396.8240499149179,193930
3.0142351682712087,12153,0.5684764906458751,26.70873786407767,618,2.269707812146514,228.67441860465115,86,23.1530582507649,11659.5,2,1399.7955069658246,194234
3.0147252385653176,12156,0.5680588818729341,26.745954692556634,618,2.273065099714474,229.27906976744185,86,23.245262934856747,11676.0,2,1401.9268643823784,194488
3.015050579817419,12159,0.5676562493894008,26.771844660194176,618,2.2748010944293875,229.87209302325581,86,23.33830505442154,11689.5,2,1403.5252393229114,194716
3.015129090610097,12162,0.5670279693967498,26.778675282714055,619,2.276441466158614,230.5,86,23.433004256628546,11709.5,2,1406.3530463100672,194990
3.014137760973204,12166,0.5660461308530369,26.76972624798712,621,2.2790679753899226,231.11627906976744,86,23.52541770521293,11727.0,2,1408.580475663717,195264
3.0137999014292753,12174,0.5655556950431169,26.801932367149757,621,2.281587180304834,231.74418604651163,86,23.622692682550852,11743.5,2,1410.7119779253062,195518
3.014040561622465,12179,0.5651268321059437,26.85024154589372,621,2.2867785325022827,232.37209302325581,86,23.719334690193712,11760.5,2,1412.9203511119738,195778
3.013788575180565,12184,0.5643361370761364,26.916398713826368,622,2.2979823929978633,232.98837209302326,86,23.80616018168234,11783.0,2,1416.0029474757778,196100
3.0141942894650477,12188,0.5639084954222089,26.95176848874598,622,2.300904672628345,233.61627906976744,86,23.902226774445158,11801.0,2,1418.4084923051853,196366
3.0145913599475365,12199,0.5635215638797878,27.022508038585208,622,2.3087191333936876,234.2906976744186,86,23.99595012169908,11828.5,2,1422.3902023077314,196730
3.013268899991809,12209,0.5627850578842025,27.02728731942215,623,2.3103599620483215,234.90697674418604,86,24.09222821148793,11842.5,2,1423.9786192226463,196976
3.012933857236411,12216,0.5622118752696802,26.91813804173355,623,2.288599895358444,233.98850574712642,87,24.14905251054142,11859.0,2,1425.994757815114,197246
3.2562229002730048,12454,0.6471433828707237,26.547140649149924,647,2.2346174358725754,235.55172413793105,87,23.65675806301701,12832.0,2,1613.9203528546925,204050
3.257603723617687,12461,0.6470480111994674,26.59659969088099,647,2.2394615961436233,236.06896551724137,87,23.723794399285126,12858.0,2,1617.9457057856416,204368
3.2579998396022134,12469,0.6465010379148324,26.622496147919875,649,2.24686886823966,236.60919540229884,87,23.79128910110453,12881.5,2,1621.057260577759,204722
3.257914562795544,12477,0.6460488475460572,26.65793528505393,649,2.249953354700897,237.13793103448276,87,23.866959963960536,12901.5,2,1624.0006854126623,204986
3.257948266196845,12487,0.6456854453423297,26.697996918335903,649,2.253598638885401,237.70114942528735,87,23.947287816607115,12923.0,2,1627.1635309592245,205270
3.257803745797983,12494,0.6450159833895092,26.753846153846155,650,2.2631062584657293,238.20689655172413,87,24.0130349457045,12944.0,2,1629.9945130849305,205580
3.258074832107451,12508,0.6448612662731447,26.795384615384616,650,2.266677095234217,238.75862068965517,87,24.087608521693284,12970.5,2,1634.1794345634162,205894
3.258347978910369,12518,0.6446647071334142,26.827692307692306,650,2.269258709237366,239.2528735632184,87,24.156699602332168,12990.0,2,1637.013717767128,206156
3.2581417624521074,12528,0.64421057188418,26.863076923076925,650,2.2721187083600376,239.80459770114942,87,24.23485430071246,13012.0,2,1640.3036620809921,206440
3.257518946948544,12535,0.6434762914622755,26.858895705521473,652,2.2754024033200397,240.2183908045977,87,24.28656367034951,13031.5,2,1643.0588669259646,206712
3.261630218687873,12575,0.6448019136420224,26.784848484848485,660,2.282291975221005,240.8505747126437,87,24.325596923519463,13070.5,2,1646.8850160024679,207468
3.2626768399300587,12582,0.6445683517939519,26.734446130500757,659,2.2667257253751942,239.8181818181818,88,24.35667835667836,13096.0,2,1650.7393547393547,207792
3.263024142312579,12592,0.644368306015107,26.76783004552352,659,2.2693977968675076,240.3181818181818,88,24.426138384411242,13116.0,2,1653.6046831293916,208066
3.2639549635267997,12612,0.6445395091316354,26.825493171471926,659,2.2748780019441655,240.92045454545453,88,24.502324459455924,13147.0,2,1658.2904058332533,208460
3.262737341772152,12640,0.6442955609014552,26.854545454545455,660,2.2790475452551813,241.45454545454547,88,24.565594657394357,13179.0,2,1663.2929622784252,208846
3.2667193675889328,12650,0.6450767013888653,26.87462235649547,662,2.284756419253832,242.01136363636363,88,24.629260141845077,13203.0,2,1665.990108377774,209268
3.2655398467735566,12661,0.6441249616658367,26.884036144578314,664,2.2895449086717465,242.5568181818182,88,24.70027519985358,13231.0,2,1670.3499961833518,209608
3.265819788543475,12674,0.6439261202511527,26.930722891566266,664,2.294045400940283,243.10227272727272,88,24.77414169153858,13254.0,2,1673.6391837045787,209924
3.265510445407962,12685,0.6434127647294634,26.98042168674699,664,2.2991250440845548,243.63636363636363,88,24.84642653597247,13278.0,2,1677.2290305088616,210234
3.2663882760794203,12692,0.6431900423748174,27.02710843373494,664,2.3037793439212644,244.1818181818182,88,24.92200340602514,13300.0,2,1680.3777026256791,210536
3.367336112163698,13195,0.68363434466342,26.412181303116146,706,2.250374423178742,245.07865168539325,89,24.4254466432805,13460.5,2,1655.7467946960558,218856
3.366999546073536,13218,0.6834649109592914,26.477337110481585,706,2.2574475598693367,245.74157303370785,89,24.513856198552435,13486.5,2,1659.1775728854996,219248
3.367238901913333,13223,0.6830355904678411,26.504249291784703,706,2.2594419715165164,246.2921348314607,89,24.595551687952703,13503.0,2,1661.3303781321185,219500
3.367319174665558,13231,0.682697637286007,26.526912181303118,706,2.26071212699518,246.8876404494382,89,24.68629238230144,13518.0,2,1663.1140922494449,219752
3.366835309219965,13243,0.6822325504330642,26.534653465346533,707,2.262291508784396,247.46067415730337,89,24.768784880977147,13538.5,2,1665.9938942364502,220038
3.366563607571073,13261,0.682076249348329,26.53954802259887,708,2.2630977134068795,248.06741573033707,89,24.854924867913073,13564.0,2,1669.8926808016265,220352
3.366636528028933,13272,0.681471655999768,26.60225669957687,709,2.2730142412372896,248.67415730337078,89,24.932755501668037,13592.0,2,1673.8467337138716,220740
3.3669704043979216,13279,0.6811085376785198,26.638928067700988,709,2.2764183659913155,249.23595505617976,89,25.01403485261915,13609.0,2,1675.9257707517036,221018
3.366879939781709,13285,0.6806098162702969,26.63661971830986,710,2.2766588576417557,249.7865168539326,89,25.096281686370265,13625.0,2,1677.970831751541,221268
3.3672686230248305,13290,0.6802484567938977,26.66056338028169,710,2.278159101775696,250.35955056179776,89,25.18287967505407,13641.5,2,1680.1238917479234,221520
3.365989465763732,13290,0.6789899656454884,26.485273492286115,713,2.2553363724548436,249.25555555555556,90,25.214193043793696,13658.5,2,1682.476008062698,221762
3.3660774727341107,13295,0.678387685246818,26.50560224089636,714,2.258993408850836,249.88888888888889,90,25.309164037176142,13680.0,2,1685.5575670782782,222054
3.3654135338345865,13300,0.6776183290048496,26.514685314685316,715,2.2611825543441095,250.44444444444446,90,25.393463746515003,13695.5,2,1687.494671662873,222302
3.3655970541820093,13307,0.6772081233032711,26.546853146853145,715,2.263861745457411,251.07777777777778,90,25.49041030310473,13715.0,2,1690.2050067841385,222578
3.3662384494027497,13311,0.6768792236550247,26.579020979020978,715,2.2667036801861205,251.66666666666666,90,25.580242149005105,13732.0,2,1692.4207181898958,222838
3.3668794592564777,13315,0.6765754007730866,26.50280112044818,714,2.2480277269363973,250.54945054945054,91,25.60638070970224,13750.5,2,1695.0670155542607,223090
3.3671845680402313,13323,0.6760258268523617,26.565826330532214,714,2.255133651251466,251.17582417582418,91,25.693571660207894,13776.5,2,1698.7724304753722,223446
3.365968939905469,13329,0.6750082534970135,26.56145251396648,716,2.2579169858601946,251.78021978021977,91,25.785521296986417,13794.0,2,1700.989942875533,223722
3.3658719448193133,13338,0.674568784276842,26.592178770949722,716,2.2602746524596786,252.3846153846154,91,25.876616972484943,13813.5,2,1703.6399225913592,224006
3.366559244547703,13343,0.6743025873504385,26.63268156424581,716,2.264496387161026,252.9120879120879,91,25.954303755726148,13829.5,2,1705.5787243055247,224270
3.3667490821907546,13347,0.6738716860900099,26.660614525139664,716,2.2668635611983246,253.46153846153845,91,26.03979574984804,13843.5,2,1707.2371540181555,224506
3.367195687977242,13358,0.6735679240101416,26.716480446927374,716,2.272870841572562,254.07692307692307,91,26.126129802988356,13865.0,2,1709.9089623396724,224852
3.3665618919323457,13362,0.6727978788525786,26.721059972105998,717,2.2743979706323585,254.69230769230768,91,26.22484857473662,13878.5,2,1711.413664190642,225092
3.366716529543755,13370,0.6724081815632096,26.762900976290098,717,2.278631041335138,255.30769230769232,91,26.3182902296791,13897.5,2,1713.9251058222187,225378
3.366661681124738,13372,0.671759590033572,26.768802228412255,718,2.2803466808648247,255.87912087912088,91,26.407643446429557,13912.0,2,1715.6460274264034,225622
3.3662329893823837,13374,0.6709514728914637,26.747222222222224,720,2.2805065106280407,256.43956043956047,91,26.494326747321836,13931.0,2,1718.4465488998096,225870
3.366694072800658,13379,0.670258568491315,26.816920943134534,721,2.2917355422563808,257.05494505494505,91,26.576924971161432,13958.5,2,1722.3400861878454,226250
3.366923134384104,13387,0.669874226144336,26.855755894590846,721,2.2953748968728758,257.64835164835165,91,26.664885951406127,13981.5,2,1725.7629112851253,226546
3.366452672439534,13396,0.6693572424893333,26.88626907073509,721,2.2979159910771116,258.25274725274727,91,26.758951603486675,14000.0,2,1728.3188571932455,226810
3.366261284786988,13403,0.6688759067716845,26.918169209431344,721,2.3007752284210032,258.83516483516485,91,26.849477563913016,14016.5,2,1730.4420058485198,227066
3.366450361751324,13407,0.6684088837104156,26.952843273231622,721,2.3041492681121167,259.43956043956047,91,26.945110296666268,14033.5,2,1732.7191181516641,227318
3.3666393259264784,13411,0.6679018101693464,26.983356449375865,721,2.3066700634605573,260.02197802197804,91,27.034589619463777,14052.5,2,1735.3834737942914,227584
3.366698964000894,13417,0.6674148990734855,27.026352288488212,721,2.311224000234711,260.61538461538464,91,27.12522804150997,14068.5,2,1737.2306877029755,227860
3.366413351214424,13422,0.6668362714431686,27.056865464632455,721,2.313967889576903,261.1868131868132,91,27.215165783257532,14083.5,2,1739.0749153894715,228104
3.366080738864889,13426,0.66616140810272,26.863888888888887,720,2.275380494175325,258.3225806451613,93,27.176370774920755,14098.0,2,1740.7194317694148,228358
3.3667907669396873,13430,0.6659003522034929,26.895833333333332,720,2.2782610383531923,258.83870967741933,93,27.254760989601763,14118.0,2,1743.722324287439,228612
3.3675474506885004,13435,0.6653243666385725,26.9625520110957,721,2.288893401233637,259.44086021505376,93,27.33556221132419,14146.5,2,1747.8184285452276,228998
3.3678374758148535,13438,0.6646877590095105,26.783333333333335,720,2.252384565736913,256.6842105263158,95,27.296232463255578,14168.5,2,1750.888693373105,229308
3.3671102520258716,13451,0.6642266232174909,26.819444444444443,720,2.255688280074142,257.3157894736842,95,27.397031550521408,14184.0,2,1752.566366130929,229590
3.3667236382551833,13457,0.6635841555141316,26.83911234396671,721,2.259458557604562,257.88421052631577,95,27.48564475069481,14200.0,2,1754.4439707302643,229862
3.3667904903417534,13460,0.6631122478152397,26.65785813630042,719,2.220696465228089,255.15463917525773,97,27.44659527127956,14213.0,2,1755.9466373442974,230086
3.3665181885671864,13470,0.66248980322934,26.693055555555556,720,2.2262746911169358,255.72164948453607,97,27.526842661146336,14237.0,2,1759.2057577809023,230436
3.365363211397195,13477,0.6617131481302989,26.700416088765603,721,2.2283529146861576,256.25773195876286,97,27.61457351387695,14250.0,2,1760.6473372986284,230668
3.364991103202847,13488,0.6610064020266764,26.716459197787,723,2.2335020941798973,256.87628865979383,97,27.70193066727872,14278.5,2,1764.7591213233384,231052
3.3664715904881843,13499,0.6609605761606543,26.733793103448274,725,2.238634657958327,257.44329896907215,97,27.775313496308954,14302.5,2,1767.5754450012962,231460
3.368514543705129,13511,0.6613455468789702,26.786206896551725,725,2.244008670521951,258.0,97,27.853208634583197,14323.5,2,1770.077927372181,231812
3.3641746854182086,13510,0.6586731030613846,26.623978201634877,734,2.241297265466575,258.6701030927835,97,27.95900487947165,14349.5,2,1774.030311972292,232136
3.36222337354748,13511,0.6568826282498468,26.587280108254397,739,2.246670678865035,259.21649484536084,97,28.031359331795457,14377.5,2,1778.049736362229,232516
3.3618878532327265,13518,0.6564086105655423,26.618403247631935,739,2.2495923245781793,259.70103092783506,97,28.106998127252737,14393.5,2,1780.1565767879085,232758
3.3617272996154983,13524,0.6559270844586885,26.648173207036535,739,2.2521886398273487,260.22680412371136,97,28.190399509423294,14410.5,2,1782.4343182696023,233010
3.361466262656123,13531,0.6554614228356817,26.57588075880759,738,2.234556929274172,259.1734693877551,98,28.220641983107228,14428.5,2,1784.9748113692874,233260
3.3617492797517916,13537,0.6550088464957979,26.585926928281463,739,2.236362223458863,259.7959183673469,98,28.319450264735377,14449.0,2,1787.720718946413,233564
3.361589012774127,13543,0.6545752839844093,26.60487144790257,739,2.2372898953687446,260.3469387755102,98,28.4109999825422,14464.0,2,1789.6261420017108,233800
3.3597255017709564,13552,0.6535518871971248,26.587044534412957,741,2.2378317043025766,260.94897959183675,98,28.510600845511195,14480.5,2,1791.70373875298,234062
3.3590235268087616,13559,0.6528910069413245,26.597035040431265,742,2.240047825312651,261.5,98,28.59936540316317,14496.0,2,1793.5491844555781,234322
3.358664406279944,13567,0.6524237609705864,26.632075471698112,742,2.2435029857711566,262.0612244897959,98,28.690910346865174,14515.0,2,1796.2914254533673,234578
3.357615894039735,13590,0.6520710824368525,26.67789757412399,742,2.247607988218153,262.7244897959184,98,28.789932748155017,14540.0,2,1799.5846030746181,234956
3.357142857142857,13608,0.6516026438616404,26.653171390013494,741,2.2364793089721138,261.74747474747477,99,28.817021341425473,14565.5,2,1802.7258380422313,235370
3.3573999265515977,13615,0.6512795065548033,26.686909581646425,741,2.23953776449669,262.3333333333333,99,28.91250785082582,14581.5,2,1804.5877870856036,235644
3.3570904286553143,13624,0.6508275895871826,26.724696356275302,741,2.2432568749716846,262.93939393939394,99,29.012272650205,14600.0,2,1807.0532383858936,235920
3.3571585822264622,13627,0.6503027065854387,26.761133603238868,741,2.246977962468992,263.52525252525254,99,29.110607155510873,14617.0,2,1809.3312416374506,236172
3.3570957095709573,13635,0.6497027693636944,26.797843665768195,742,2.2528679327335315,264.1515151515151,99,29.206097889088756,14637.0,2,1811.616514459665,236520
3.3566454072282093,13641,0.649161083917609,26.82345013477089,742,2.254906394007151,264.7171717171717,99,29.301831064597266,14652.5,2,1813.6304264269845,236758
3.356289838083376,13649,0.6486972925144271,26.850404312668463,742,2.25698098491787,265.35353535353534,99,29.410830381650914,14667.5,2,1815.367369713437,237016
3.3499527581946364,13759,0.648715738014382,26.81793842034806,747,2.2571560149855583,265.92929292929296,99,29.414248060858824,14704.0,2,1816.7333226898807,238018
3.3497494007409023,13767,0.6482950594865221,26.850066934404285,747,2.260060736872054,266.5151515151515,99,29.51126091239486,14723.5,2,1819.5369541131936,238282
3.34985845975176,13777,0.6479000476749399,26.672922252010725,746,2.22423394479209,263.8217821782178,101,29.460703422741105,14746.5,2,1822.671256328159,238616
3.3491222979834614,13786,0.6470784015574943,26.7072192513369,748,2.2326238397453957,264.36633663366337,101,29.53862641526319,14770.0,2,1825.776457295895,238970
3.34884732492388,13794,0.6466548507584197,26.733957219251337,748,2.2347025093985144,264.9306930693069,101,29.633131370120783,14786.0,2,1827.7762116157942,239226
3.3477315552978695,13798,0.6457258059224954,26.722666666666665,750,2.2364109125327096,265.4752475247525,101,29.723516835982913,14801.0,2,1829.5440203774845,239480
3.347870182555781,13804,0.6453325239484166,26.76,750,2.2401384775808135,265.990099009901,101,29.805313909910282,14822.5,2,1832.7967153284671,239750
3.3478638667632152,13810,0.6448144856232992,26.805333333333333,750,2.244963137620845,266.5940594059406,101,29.90390026730025,14842.5,2,1835.4799184323006,240046
3.347662469243016,13818,0.6443748772563392,26.846666666666668,750,2.2493243730581445,267.1188118811881,101,29.98751009380232,14860.5,2,1837.8367197902796,240320
3.346879745462434,13829,0.643884339389411,26.878666666666668,750,2.252234337287633,267.71287128712873,101,30.088237385725755,14877.5,2,1840.03796003026,240582
3.3463707345286293,13832,0.6431224192601358,26.88948069241012,751,2.2545783326379927,268.28712871287127,101,30.1843349141471,14897.0,2,1842.8423889124172,240846
3.3454479768786127,13840,0.6424566647205608,26.898936170212767,752,2.2567696694804016,268.81188118811883,101,30.27035268997116,14917.0,2,1845.8319632354771,241102
3.345029239766082,13851,0.6419809070669317,26.934840425531913,752,2.259892601938383,269.4257425742574,101,30.369713630352646,14939.5,2,1849.0270595496495,241412
3.3460594688221708,13856,0.6416196073892495,27.027925531914892,752,2.272038623052684,269.91089108910893,101,30.432289986021402,14964.0,2,1852.242464348344,241784
3.345496502487921,13867,0.6411810036495894,27.065159574468087,752,2.2757051673929976,270.45544554455444,101,30.52037077788585,14984.0,2,1855.0793687515493,242060
3.3457795718301737,13873,0.6408204298308562,27.10372340425532,752,2.279539206681186,271.0,101,30.607740300897078,15002.5,2,1857.49895808403,242342
3.345654993514916,13878,0.6403905901040139,27.12632978723404,752,2.2811595691615225,271.51485148514854,101,30.69476436995403,15017.0,2,1859.3112946977005,242574
3.34622030237581,13890,0.640184459933669,27.19281914893617,752,2.2888647539210507,272.0990099009901,101,30.78003568764411,15039.0,2,1861.9230851554269,242944
3.345951781216265,13895,0.6396538985842849,27.22340425531915,752,2.291658231349843,272.6732673267327,101,30.878318470760867,15055.5,2,1864.0927017113909,243194
3.3451995685005396,13905,0.63913265503209,27.2593085106383,752,2.295215458763214,273.2277227722772,101,30.970402441586483,15074.5,2,1866.7741479023075,243458
3.3452911574406903,13910,0.6387625499761495,27.279255319148938,752,2.296293162154375,273.8019801980198,101,31.06983980466163,15089.0,2,1868.5098153467377,243700
3.3446888026448183,13914,0.638087757225074,27.282868525896415,753,2.297693084348676,274.3069306930693,101,31.153863715878845,15106.0,2,1870.8800196769698,243940
3.3433189655172413,13920,0.6369888618809285,27.252645502645503,756,2.2986672532853745,274.970297029703,101,31.26294731607719,15129.0,2,1874.0769570877649,244266
3.3446695782916875,13967,0.6378282673917857,27.3245382585752,758,2.3103036193251696,275.48514851485146,101,31.290459787387746,15171.5,2,1879.2355857547577,244966
3.3446647105131326,13973,0.6373770826027599,27.353562005277045,758,2.3125897254057763,276.0990099009901,101,31.394435705252768,15192.5,2,1882.3054284712368,245244
3.3441121762770067,13978,0.6366987339433201,27.33684210526316,760,2.3133298233037385,276.64356435643566,101,31.483991950223082,15208.0,2,1884.0892828049139,245512
3.343435065399185,13991,0.6364158921230645,27.355263157894736,760,2.3142051721368526,277.1980198019802,101,31.5797068581731,15222.5,2,1885.8555951169888,245750
3.3426203743391913,13998,0.6356222356958903,27.34251968503937,762,2.3152133529943724,277.7920792079208,101,31.675251427849442,15243.5,2,1888.6799337559944,246060
3.341021063905748,14005,0.6346765372703698,27.328534031413614,764,2.316524688169917,278.34653465346537,101,31.76902704967185,15260.5,2,1890.9429447778039,246314
3.3412738035803438,14021,0.6344417046989022,27.387434554973822,764,2.3226547908929502,278.91089108910893,101,31.84497577041633,15291.0,2,1895.354169030982,246724
3.3425985318223934,14031,0.6344308828104825,27.39164490861619,766,2.3259064891646495,279.4752475247525,101,31.925325017730426,15312.0,2,1897.671744233104,247100
3.3441082235671056,14045,0.6347437645262836,27.434725848563968,766,2.329947155392534,280.029702970297,101,32.00704830553858,15333.0,2,1900.2043984998868,247448
3.344577284372331,14052,0.6344127344348824,27.475195822454307,766,2.333789285544551,280.6237623762376,101,32.1012200711535,15358.5,2,1904.052324736651,247770
3.3439322805519986,14058,0.6336562689517281,27.374185136897,767,2.3168238408160784,279.38235294117646,102,32.093225107486035,15381.5,2,1907.4037170060788,248076
3.343001350678894,14067,0.632867086612343,27.423177083333332,768,2.325062730175935,279.96078431372547,102,32.183442255270585,15403.5,2,1910.322715634888,248406
3.343303730017762,14075,0.6326081193090538,27.459635416666668,768,2.328549346997046,280.5098039215686,102,32.27237693633108,15424.5,2,1913.3167688002122,248694
3.559273288439955,14256,0.7058645261384509,27.15326633165829,796,2.2938141410175263,281.921568627451,102,31.68529663895982,16406.0,2,2103.9548186884913,255858
3.560126138752628,14270,0.705870070745228,27.18193224592221,797,2.298206221658895,282.4313725490196,102,31.753826563603624,16431.5,2,2107.436227217734,256230
3.560341808503187,14277,0.7056079353249954,27.204516938519447,797,2.299765037160419,282.8921568627451,102,31.826222449429235,16449.0,2,2109.8525510562145,256482
3.557537600559636,14295,0.7045170705241486,27.166042446941322,801,2.3019380355199153,283.3235294117647,102,31.884074940110857,16472.0,2,2113.1534046215315,256798
3.555858501118568,14304,0.7035063400667237,27.135572139303484,804,2.3027966414475474,283.7843137254902,102,31.95203451412383,16494.5,2,2116.556562784438,257086
3.557395374834067,14313,0.7037036041477641,27.160248447204967,805,2.3070562787966087,284.1470588235294,102,31.994942485498537,16520.0,2,2120.5324050691925,257398
3.5573243960340735,14322,0.7032055132041966,27.18610421836228,806,2.311323062843397,284.578431372549,102,32.05057240641822,16547.0,2,2124.71256188599,257732
3.5566722501395867,14328,0.7025825000469557,27.200743494423794,807,2.3145104562711616,284.8921568627451,102,32.09114556612104,16563.0,2,2126.8264941428206,257974
3.5563537452922303,14338,0.7021195526765582,27.25278810408922,807,2.3206412035606374,285.2647058823529,102,32.137259646810115,16586.0,2,2130.227088640922,258278
3.5560125479261067,14345,0.7015615566300225,27.187112763320943,807,2.306951013409891,283.86407766990294,103,32.09938854777469,16606.5,2,2133.167096612005,258560
3.56017520684141,14383,0.703017699165958,27.19334975369458,812,2.315557030902034,284.45631067961165,103,32.13974350247939,16650.5,2,2138.250539886007,259314
3.5593550180706144,14388,0.7021312157582558,27.183046683046683,814,2.316839259956296,284.9805825242718,103,32.22129577536844,16672.5,2,2141.443818082369,259612
3.559213725081614,14397,0.701817176667688,27.2027027027027,814,2.3178875820446603,285.45631067961165,103,32.2968655350827,16692.5,2,2144.4534286373955,259870
3.557490805634585,14411,0.7010535341853988,27.19730392156863,816,2.320124871927291,285.9805825242718,103,32.380221095331805,16711.0,2,2146.863173351169,260154
3.555740548040236,14415,0.6997728417036557,27.15609756097561,820,2.3218324738633145,286.4757281553398,103,32.456015107468005,16733.0,2,2150.1062715495727,260446
3.5548315541383615,14426,0.6992668652064574,27.15834348355664,821,2.322783216926975,286.92233009708735,103,32.52556816785279,16752.0,2,2152.892243958573,260700
3.5532224532224532,14430,0.697933506148911,27.031553398058254,824,2.306599218447978,285.61538461538464,104,32.50120438186361,16779.5,2,2157.2026651700544,261034
3.551714582611708,14435,0.6968141026623079,26.91041162227603,826,2.288994533716838,284.37142857142857,105,32.49265842797118,16799.5,2,2159.965102440667,261322
3.5517551755175516,14443,0.6964326990463098,26.95036319612591,826,2.2932161454534845,284.8095238095238,105,32.55622289739087,16819.5,2,2162.677972677512,261616
3.550753699350021,14462,0.6959447976889834,26.778450363196125,826,2.260769414737382,281.9065420560748,107,32.45633114467182,16848.0,2,2166.8659368845324,261996
3.6090651558073654,14826,0.7146013112675418,25.335123523093447,931,2.211292031302565,282.22222222222223,108,31.831458456680483,17016.0,2,2142.8674955595025,270240
3.608815798341983,14837,0.7139864360485049,25.28249194414608,931,2.198891852456105,281.1651376146789,109,31.83932652151622,17044.0,2,2146.779704104406,270636
3.608189103643343,14849,0.7136565041936573,25.20967741935484,930,2.1818805220527238,280.05454545454546,110,31.848675558252282,17059.5,2,2148.7012267152973,270886
3.607440796555436,14864,0.7133701004296384,25.120430107526882,930,2.164302055540143,278.990990990991,111,31.86281332151606,17077.0,2,2150.9679225243035,271156
3.607692824961334,14871,0.7130641990405749,25.133333333333333,930,2.1642752058788135,279.54954954954957,111,31.957288671897537,17096.0,2,2153.517311503916,271438
3.606610237807336,14886,0.7124574672433595,25.108252947481244,933,2.164198739965029,280.1171171171171,111,32.04680816293518,17123.0,2,2157.6063654426375,271780
3.607399449405761,14893,0.7122187265058706,25.123258306538048,933,2.1640948952485752,280.77477477477476,111,32.1574707686762,17150.0,2,2161.727632865154,272118
3.6078523489932888,14900,0.711994562132277,25.136120042872456,933,2.1640686022226316,281.36036036036035,111,32.258316499318695,17168.0,2,2164.0251395007344,272400
3.608240504630251,14902,0.711350257510646,25.16042780748663,935,2.170179378940988,281.8378378378378,111,32.327309028015186,17189.5,2,2166.728338503054,272742
3.6087481551053266,14906,0.7108969287989926,25.150480256136607,937,2.170523674555292,282.45045045045043,111,32.42947317689688,17212.0,2,2169.8266646158804,273066
3.6080482897384307,14910,0.7101253641926193,25.130990415335464,939,2.1696890638462163,282.98198198198196,111,32.520202817239365,17231.5,2,2172.6454633593094,273330
3.607322470327902,14913,0.7092300256332132,25.12008501594049,941,2.1701212250815045,283.52252252252254,111,32.6099601867784,17251.5,2,2175.383760324538,273620
3.6079088471849867,14920,0.7090835624145394,25.134962805526037,941,2.1705190339193328,284.0990990990991,111,32.709972069815656,17271.0,2,2178.1232228526364,273894
3.608174204355109,14925,0.7088096145394602,25.14665249734325,941,2.170652233393523,284.5945945945946,111,32.79567231568458,17285.0,2,2179.7617571097135,274132
3.608346171880233,14929,0.7083539836047648,25.16578108395324,941,2.171769270025279,285.13513513513516,111,32.887259216302105,17304.0,2,2182.3592315092856,274408
3.608972212922665,14935,0.7081723080941432,25.18065887353879,941,2.1721531359980983,285.7117117117117,111,32.98721885958128,17325.0,2,2185.4612937047664,274684
3.6091700133868807,14940,0.7076111768130563,25.1963906581741,942,2.174487798416728,286.26126126126127,111,33.073301153995935,17347.5,2,2188.432691328757,275024
3.6082419052716084,14948,0.7069217190198602,25.193001060445386,943,2.174044585115043,286.7927927927928,111,33.16319684765514,17367.5,2,2191.2985655544176,275298
3.60876254180602,14950,0.7063172424922061,25.199788583509513,946,2.1793497552776464,287.3333333333333,111,33.24581655480984,17389.0,2,2193.9221549065846,275650
3.608614232209738,14952,0.705595984406763,25.189873417721518,948,2.179898158390373,287.9099099099099,111,33.34357048444587,17410.0,2,2196.8653287237357,275946
3.6085328340243414,14954,0.7049330224436937,25.093782929399367,949,2.163354257976022,286.80357142857144,112,33.351570508013516,17432.0,2,2200.1565651811898,276230
3.6081812713053942,14961,0.7042383753863568,25.122105263157895,950,2.1677941275536243,287.3482142857143,112,33.43623708450109,17453.5,2,2202.811953589946,276578
3.607603394133761,14967,0.7036489468928896,25.125131440588852,951,2.168607280377377,287.875,112,33.52815335654837,17468.0,2,2204.4490810310945,276832
3.604609218436874,14970,0.7015274901756887,25.041666666666668,960,2.1712218920114648,288.41964285714283,112,33.602702562230526,17502.0,2,2209.590888106642,277264
3.594688607933641,14949,0.695548688335482,24.675429726996967,989,2.168296078991913,289.0267857142857,112,33.68891718406,17526.0,2,2212.0169667290797,277720
3.5953989166053635,14953,0.6953187691712742,24.693629929221437,989,2.1693399550045536,289.57142857142856,112,33.782430579679456,17547.5,2,2215.2459477834213,277996
3.5964032624682445,14958,0.6950398536567534,24.728008088978765,989,2.1725709732287597,290.20535714285717,112,33.88662260994657,17574.5,2,2219.1944865567834,278356
3.595351011956449,14971,0.6945731620962013,24.74216380182002,989,2.1729825650183257,290.70535714285717,112,33.97102785571235,17593.5,2,2221.8722301182247,278622
3.5955528846153846,14976,0.6942004768009746,24.75050505050505,990,2.1745081508968407,291.2142857142857,112,34.05658432841326,17611.5,2,2224.233637269807,278896
3.595754622521861,14981,0.6936844084619294,24.786868686868686,990,2.1783093769502724,291.79464285714283,112,34.15180685036703,17634.5,2,2227.395463563826,279228
3.596477181745396,14988,0.6935621995020171,24.80808080808081,990,2.1797598191416165,292.36607142857144,112,34.24988197241189,17656.5,2,2230.623871279336,279520
3.5960653551183728,14995,0.6929933675845843,24.818365287588296,991,2.18146101097948,292.91964285714283,112,34.343335346135625,17675.5,2,2233.062442819567,279816
3.595266666666667,15000,0.6922535241808411,24.736895161290324,992,2.1672736406324646,291.716814159292,113,34.33310386150906,17691.5,2,2234.9664547064453,280084
3.5944163113006398,15008,0.6916481344949206,24.740181268882175,993,2.1680067960043243,292.2212389380531,113,34.419743927052465,17709.0,2,2237.297346849964,280346
3.594005994005994,15015,0.6911027867633268,24.743460764587525,994,2.168537730656407,292.8141592920354,113,34.52409509416132,17727.5,2,2239.673426954681,280634
3.59491311006059,15019,0.6909809492288763,24.75553319919517,994,2.1685988089448043,293.30973451327435,113,34.608251479914436,17749.5,2,2243.1096493414025,280900
3.594369759084254,15026,0.6901996569713205,24.762048192771083,996,2.1712924319440567,293.85840707964604,113,34.69289445320669,17775.5,2,2246.7745623328974,281264
3.5929374210281306,15037,0.6894241056885759,24.75551102204409,998,2.172202411229574,294.4070796460177,113,34.78571229662993,17798.0,2,2250.0820707339767,281562
3.590077808073419,15037,0.6876140143160482,24.676616915422887,1005,2.1712663276110598,294.9911504424779,113,34.887690112077735,17818.0,2,2252.8055234270223,281854
3.589337942036692,15044,0.6868318161313204,24.710735586481114,1006,2.1768460113552357,295.5132743362832,113,34.9696118569457,17840.0,2,2255.6830504270174,282190
3.5888527203879623,15053,0.686400164672941,24.714995034756704,1007,2.177677534606758,295.9911504424779,113,35.049267184201504,17859.0,2,2258.3295404659066,282460
3.589176626826029,15060,0.6859641902321154,24.76067527308838,1007,2.1829372441294725,296.5132743362832,113,35.12800903010199,17881.5,2,2261.1256709166896,282822
3.58885202388852,15070,0.6856554999540307,24.780536246276068,1007,2.18440156521189,297.0619469026549,113,35.225251102591855,17899.0,2,2263.4407989091656,283086
3.586904603953828,15074,0.6844357492330533,24.753709198813056,1011,2.1862319977184184,297.5575221238938,113,35.30895236377235,17917.5,2,2265.9448912682897,283358
3.5861954647924676,15082,0.6838428515672227,24.761857707509883,1012,2.187642846590033,298.12389380530976,113,35.40800634078619,17935.0,2,2268.100105062015,283642
3.5861337575396037,15087,0.68343400688253,24.779644268774703,1012,2.188826680643839,298.62831858407077,113,35.49614158219725,17953.5,2,2270.7481771493785,283896
3.585779603737327,15091,0.6827490911225825,24.79269496544916,1013,2.190951914346431,299.13274336283183,113,35.5780611933513,17974.5,2,2273.628784306826,284200
3.585005629511888,15099,0.6821632875132825,24.79388560157791,1014,2.1912282330397024,299.69026548672565,113,35.67666006042058,17993.0,2,2276.1329691498636,284472
3.5838188559322033,15104,0.6813147615006748,24.790354330708663,1016,2.1929205517032124,300.1858407079646,113,35.76206363406595,18010.0,2,2278.3536799516737,284732
3.5806686527639853,15105,0.6793084455904903,24.667318982387474,1022,2.1812870025114464,299.0175438596491,114,35.753306096628144,18035.0,2,2281.814339331439,285090
3.5802567156278946,15114,0.6789185913696361,24.53529411764706,1020,2.151754184526929,296.11206896551727,116,35.64348452433978,18054.5,2,2284.6036925546155,285358
3.5794763290134886,15124,0.6783489947822049,24.561764705882354,1020,2.1541048202997617,296.6896551724138,116,35.74459036348479,18076.0,2,2287.6110648248628,285662
3.57911434236616,15130,0.6778923432821947,24.57450980392157,1020,2.1544705073103354,297.2155172413793,116,35.840297254139536,18092.0,2,2289.6748207477876,285910
3.579291661160301,15134,0.6775510382145261,24.58921568627451,1020,2.1551804200038127,297.76724137931035,116,35.942305595100464,18106.5,2,2291.3589153544544,286158
3.578940414850046,15138,0.6769252895725689,24.596474045053867,1021,2.156426964947311,298.3448275862069,116,36.04610285189829,18124.5,2,2293.64059914398,286442
3.578881331308195,15143,0.6764747024959983,24.623898139079333,1021,2.1591578593412115,298.87931034482756,116,36.14054816807864,18145.0,2,2296.6191519193076,286718
3.578123968578784,15149,0.6755704045253924,24.638318670576734,1023,2.1630853382233224,299.4655172413793,116,36.23493746971735,18173.0,2,2300.6954446975556,287094
3.577062586559388,15163,0.6751351814443709,24.66080156402737,1023,2.1649234163747675,299.98275862068965,116,36.32478941895494,18191.0,2,2303.0091866348384,287374
3.576476793248945,15168,0.6745169730013725,24.6689453125,1024,2.166480880617521,300.4741379310345,116,36.410439780509556,18208.0,2,2305.1979502012946,287638
3.5766163580043497,15173,0.6740140171412996,24.70703125,1024,2.170670176146821,301.01724137931035,116,36.50005220850352,18230.0,2,2308.107789005799,287970
3.5766139657444005,15180,0.6736783929080047,24.7236328125,1024,2.171507018012609,301.55172413793105,116,36.59471184455232,18250.5,2,2311.086712391499,288246
3.576553449183781,15192,0.6733145023262447,24.7724609375,1024,2.177267745137421,296.03478260869565,115,34.91860626127931,12518.0,3,1628.7886217171367,288620
3.576156326074084,15199,0.6728690146338644,24.7958984375,1024,2.1794262573614045,296.5304347826087,115,35.004099821800544,12530.666666666666,3,1630.6176313117326,288880
3.576229939489608,15204,0.6725174501444585,24.818359375,1024,2.1814281939981948,297.02608695652174,115,35.089877768611764,12542.666666666666,3,1632.284450101105,289138
3.576435005588796,15209,0.6720766047136593,24.849609375,1024,2.1845225531902948,297.62608695652176,115,35.1930797021339,12558.666666666666,3,1634.6537136329298,289456
3.5762255224076753,15218,0.6717642810014666,24.8701171875,1024,2.186075472215535,298.11304347826086,115,35.27518731211763,12572.0,3,1636.5886348575216,289728
3.575632183908046,15225,0.6711460820177433,24.87707317073171,1025,2.18713965624651,298.6608695652174,115,35.36784294866414,12587.333333333334,3,1638.863578271823,290032
3.5751985820258647,15233,0.6707068796010756,24.893658536585367,1025,2.1880049576289413,299.18260869565216,115,35.45826731558162,12600.333333333334,3,1640.7118067037773,290304
3.57468171676073,15238,0.6700913607645129,24.9093567251462,1026,2.190804763628034,299.69565217391306,115,35.54594108435455,12614.666666666666,3,1642.8734241396003,290582
3.573481170450072,15242,0.669011311615443,24.92128279883382,1029,2.1966692426178436,300.23478260869564,115,35.63102834727852,12630.0,3,1644.888496280918,290932
3.5730771752671955,15251,0.6686298763472868,24.941690962099127,1029,2.198213275031504,300.7217391304348,115,35.7133140490784,12644.0,3,1646.9973214653644,291204
3.5721213709941675,15259,0.6678933993618975,24.96504854368932,1030,2.2020679682920234,301.295652173913,115,35.81065254826021,12659.666666666666,3,1649.2802612953167,291522
3.5718027634077663,15271,0.6674705764278843,24.93877551020408,1029,2.1925794395816736,300.0689655172414,116,35.78408049678686,12679.0,3,1652.269816091324,291884
3.5713631306851648,15281,0.6670028592441417,24.968901846452866,1029,2.1954429555005803,300.58620689655174,116,35.86773757757818,12694.666666666666,3,1654.518991038347,292208
3.573605388790792,15291,0.6672045485656046,25.044703595724005,1029,2.2052462308933483,301.1465517241379,116,35.94377606577641,12715.0,3,1657.1579517421876,292678
3.5736890283771414,15294,0.6667925700166628,25.068027210884352,1029,2.207454893335479,301.62931034482756,116,36.02808841585079,12726.333333333334,3,1658.685284311383,292930
3.573789769386555,15307,0.6664641560800508,25.100097181729836,1029,2.2100133292756468,302.2586206896552,116,36.128014449514865,12746.0,3,1661.490243403559,293340
3.572995560198485,15316,0.6658695871065028,25.1126213592233,1030,2.2120767462562485,302.82758620689657,116,36.22661266116748,12761.333333333334,3,1663.765938801179,293644
3.5722117078900997,15323,0.6652563699468576,25.122211445198836,1031,2.213835052538429,303.3448275862069,116,36.31633707506617,12773.666666666666,3,1665.4180740791144,293920
3.572276581865623,15330,0.6647882994396582,25.147429679922407,1031,2.215628429858594,303.9396551724138,116,36.41529069165192,12793.0,3,1668.4650493421052,294272
3.5712424262166915,15349,0.6643780157783795,25.174418604651162,1032,2.219704173620175,304.5258620689655,116,36.509245192861336,12814.333333333334,3,1671.8980489714281,294648
3.569958981704538,15359,0.6634954271772813,25.188588007736943,1034,2.223702713922814,305.11206896551727,116,36.603726719871716,12830.333333333334,3,1673.962308770027,295020
3.5692718162295827,15367,0.6630326209193621,25.20212765957447,1034,2.2242393119453343,305.6465517241379,116,36.701477621464406,12840.666666666666,3,1675.2628522529967,295266
3.568901606295116,15377,0.66262628223978,25.233075435203094,1034,2.227351735176109,306.2413793103448,116,36.805576729731875,12856.0,3,1677.4936158983417,295578
3.56884670393967,15382,0.6621627212425377,25.26402321083172,1034,2.230599983562341,306.7931034482759,116,36.901609363228836,12870.333333333334,3,1679.5656240987096,295872
3.568421052631579,15390,0.6617452011819365,25.28723404255319,1034,2.2326630755199814,307.3103448275862,116,36.99238599190184,12885.0,3,1681.860982231497,296142
3.5682467532467532,15400,0.6613333580817644,25.318181818181817,1034,2.235504340173975,307.92241379310343,116,37.096295653397625,12904.333333333334,3,1684.9318909013234,296490
3.567136089298462,15409,0.6606617773582426,25.329468599033817,1035,2.2374733768861463,308.44827586206895,116,37.186735326992476,12920.0,3,1687.3751600512164,296780
3.566720726565034,15415,0.6601600806164313,25.333976833976834,1036,2.2383810106801367,308.94827586206895,116,37.27323266749534,12932.666666666666,3,1689.1372599185777,297052
3.5659166072239152,15421,0.6594887744210022,25.349083895853422,1037,2.241071946788478,309.48275862068965,116,37.36658539323445,12946.0,3,1691.0052869480992,297336
3.565372399040643,15427,0.6588305305566539,25.373795761079,1038,2.2451774612316773,310.01724137931035,116,37.45520037923644,12961.333333333334,3,1693.179707359901,297658
3.5640427599611275,15435,0.6580130093577043,25.373076923076923,1040,2.247096099631339,310.58620689655174,116,37.554704866656486,12976.333333333334,3,1695.3808576095228,297960
3.5630810950413223,15488,0.6586076470090817,25.37967401725791,1043,2.250279183897057,311.12931034482756,116,37.611430972343754,12998.666666666666,3,1697.8482989004706,298552
3.56269764440142,15495,0.6581462519460298,25.403643336529242,1043,2.2524191982273614,311.69827586206895,116,37.713747390991685,13012.333333333334,3,1699.8261776962754,298832
3.5640298892038134,15524,0.658513817790964,25.442528735632184,1044,2.2568340689397224,312.2413793103448,116,37.767434608415115,13038.0,3,1703.0280115412359,299448
3.5643468743964464,15533,0.6583795897088079,25.457854406130267,1044,2.257382678110505,312.7155172413793,116,37.84582228337949,13053.333333333334,3,1705.3958594674425,299736
3.5642048378795677,15544,0.6580688129551626,25.484674329501917,1044,2.259653693556511,313.26724137931035,116,37.93771465105263,13070.333333333334,3,1707.9603831601494,300066
3.563814055166206,15553,0.6576786085984194,25.48421052631579,1045,2.2595821253939237,313.80172413793105,116,38.031032123457905,13084.0,3,1709.9042723204773,300352
3.56390977443609,15561,0.6574174874790504,25.508133971291866,1045,2.261642814838765,314.33620689655174,116,38.123885259108725,13098.666666666666,3,1712.0868186525279,300642
